{"principio":"1","punto":"1.1","maestra":{"pregunta":"¿Existe un espacio de participación del equipo directivo conformado oficialmente para la implementación y el seguimiento en los temas sociales y ambientales?","criterio":1,"equivalencia":0,"texto":""},"informativas":{"principal":"La empresa debe constituir un espacio definido por la alta dirección, y debe disponer de:","respuestas":["a) Registros que evidencien la conformación, la periodicidad y el seguimiento del desempeño socio ambiental.","b) Registros que incluyan compromisos, plazos y responsables para la implementación y el mantenimiento del desempeño socioambiental."]}}