{"principio":"2","punto":"1.3","maestra":{"pregunta":"¿Se cuenta con objetivos y metas socioambientales divulgados y actualizados?","criterio":1,"equivalencia":1.2,"texto":"La empresa debe establecer, implementar y mantener los objetivos y metas socioambientales, los cuales deben:"},"informativas":{"principal":"La empresa debe establecer, implementar y mantener los objetivos y metas socioambientales, los cuales deben:","respuestas":["a) Estar documentados y con fecha de aprobación.","b) Ser consistentes con la política socioambiental.","c) Ser medibles y demostrar mejora continua socioambiental."]}}