{"principio":"2","punto":"1.4","maestra":{"pregunta":"¿Se cuenta con un plan de acción socioambiental\nescrito para cumplir con los objetivos y metas?\n","criterio":2,"equivalencia":"1.1,1.2","texto":"La finca debe tener un sistema de gestión social y ambiental de acuerdo a su tamaño y complejidad que contenga las políticas, los programas y los procedimientos necesarios para cumplir con esta norma y con la legislación nacional vinculante para aspectos sociales, laborales y ambientales en fincas: lo que sea más estricto (1.1).Los programas del sistema de gestión social y ambiental deben consistir en los siguientes componentes:  Objetivos y metas de corto, mediano y largo plazo. Un listado de las actividades por realizarse en cada programa y un cronograma o plan que indique el plazo en el cual se ejecutarán. La identificación de las personas responsables para la ejecución de las actividades. Mapas que identifiquen los proyectos, la infraestructura y las áreas especiales (de conservación y protección) relacionadas con las actividades indicadas o con los requisitos de esta norma. Las políticas y procedimientos establecidos para garantizar tanto la ejecución eficaz de las actividades como el cumplimiento con la norma. Los registros necesarios para demostrar su adecuado funcionamiento (1.2). "},"informativas":{"principal":"La empresa debe:","respuestas":["a) Elaborar e implementar un plan de acción socioambiental para cumplir con los objetivos y metas, que contenga mínimo los siguientes componentes: actividades, responsables y fechas de ejecución y seguimiento.","b) Tener registros para demostrar la ejecución y cumplimiento del plan de acción socioambiental."]}}