{"principio":"1","punto":"1.5","maestra":{"pregunta":"¿Se programa y se realiza revisión por parte de la gerencia?","criterio":1,"equivalencia":1.3,"texto":"La alta dirección de la finca debe demostrar su compromiso con la certificación y con el cumplimiento de los requisitos establecidos en esta norma y en la legislación vigente (1.3)."},"informativas":{"principal":"La alta dirección debe realizar anualmente revisiones planificadas, que incluyan como mínimo:","respuestas":["a) Los resultados de las inspecciones/auditorías internas o externas y de las acciones correctivas tomadas, según aplique.","b) El grado de cumplimiento de los objetivos, metas y programas."]}}