{"principio":"1","punto":"1.6","maestra":{"pregunta":"¿Se ha realizado inspección auditoría interna para asegurar el cumplimiento del la normativa Florverde?","criterio":1,"equivalencia":1.7,"texto":"La finca debe contar con los procesos de seguimiento, medición y análisis necesarios, incluso para reclamos de sus trabajadores o de otros grupos o personas, para evaluar el funcionamiento del sistema de gestión social y ambiental y el cumplimiento con la legislación vigente y con esta norma (1.7)."},"informativas":{"principal":"La empresa debe contar con evidencia documental para demostrar que anualmente realiza.","respuestas" :["a) Para la opción de certificación individual, una inspección interna a todas las unidades de producción para verificar el cumplimiento del Estándar Florverde. Para las inspecciones internas se debe utilizar la Lista de Verificación del Estándar Florverde y los inspectores deben cumplir con los requisitos del anexo 3 del Reglamento general para la certificación Florverde  Sustainable  Flowers.","b) Para la opción de certificación grupal y opción de certificación individual con varias unidades de producción con sistema de control interno (SCI), deben cumplir con lo exigido para auditoría e inspección interna del anexo 2 Requisitos del SCI, del Reglamento general para la certifi- cación Florverde Sustainable Flowers."]}}
