{"principio":"1","punto":"1.7","maestra":{"pregunta":"¿Se han tomado medidas para corregir los hallazgos encontrados durante la inspección auditoría interna o externa?","criterio":1,"equivalencia":1.7,"texto":"Los resultados de estos procesos deben registrarse e incorporarse al sistema de gestión social y ambiental mediante un plan y un programa de mejoramiento continuo. El programa de mejoramiento continuo debe incluir las acciones correctivas necesarias para remediar las situaciones de incumplimiento y los mecanismos para determinar si las acciones se ejecutan y si efectivamente resultan en mejoras o se ajustan para producir mejoras como resultado (1.7)."},"informativas":{"principal":"La empresa debe demostrar que:","respuestas":["a) Tiene un procedimiento documentado para corregir los hallazgos encontrados de las inspecciones/auditorías internas o externas, según corresponda","b) Se han documentado y ejecutado acciones eficaces para corregir los hallazgos encontrados."]}}