{"principio":"1","punto":"1.8","maestra":{"pregunta":"¿Se atienden las quejas y reclamos de las partes interesadas?","criterio":1,"equivalencia":"1.7,7.2","texto":"La finca debe contar con los procesos de seguimiento, medición y análisis necesarios, incluso para reclamos de sus trabajadores o de otros grupos o personas, para evaluar el funcionamiento del sistema de gestión social y ambiental y el cumplimiento con la legislación vigente y con esta norma (1.7).La administración de la finca debe implementar políticas y procedimientos para identificar y considerar los intereses de las poblaciones locales y grupos de intereses comunitarios con respecto a las actividades de producción de finca o cambios que puedan generar impactos sobre su salud, empleo o recursos naturales locales. La finca debe documentar y hacer disponible a la vista pública todas las quejas y comentarios que recibe acerca de sus actividades de producción y sus respuestas (7.2, criterio crítico)."},"informativas":{"principal":"¿Se atienden las quejas y reclamos de las partes interesadas?","respuestas":["a) Tiene un procedimiento documentado para atender y gestionar quejas y reclamos de las partes interesadas (por ejemplo: clientes, trabajadores, autoridades y comunidad, entre otras, relacionados con el cumplimiento del normativa Florverde.","b) Se han documentado y ejecutado acciones eficaces para responder las quejas y reclamos recibidos.","c) Se ha realizado seguimiento a las acciones tomadas para resolver las quejas y reclamos recibidos"]}}