{"principio":"1","punto":"1.9","maestra":{"pregunta":"¿Se atienden las quejas y reclamos de las partes interesadas¿Se tiene un procedimiento para gestionar productos no conformes?","criterio":1,"equivalencia":0,"texto":""},"informativas":{"principal":"La empresa debe demostrar que:","respuestas":["a) Tiene un procedimiento documentado para gestionar de forma efectiva productos no conformes","b) El procedimiento debe identificar los tipos de situación que lleven a declarar un producto como no conforme, las personas responsables de tomar decisiones al respecto y el mecanismo para comunicar a los clientes. Ejemplos de productos no conformes pueden ser: mezclas o variedades incorrectas, productos con presencia de enfermedades o productos con desviaciones de calidad.","c) El procedimiento debe ser operativo en cualquier momento.","d) El procedimiento debe ser puesto a prueba al menos una vez al año para asegurar su eficacia y dicha prueba debe ser documentada"]}}