{"principio":"3","punto":"10.11","maestra":{"pregunta":"¿La empresa apoya alguna iniciativa regional que ayude\na mejorar el medio ambiente en su vecindad?","criterio":1,"equivalencia":"7.4,7.5","texto":"La finca debe contribuir a la protección y conservación de los recursos naturales de la comunidad (7.4). \n\nLa finca debe colaborar con los esfuerzos de educación ambiental local y debe apoyar y colaborar con investigaciones locales en temas relacionados con esta norma (7.5)"},"informativas":{"principal":"Debe haber evidencia tangible de la participación o apoyo de la empresa en alguna iniciativa regional para la protección del medio ambiente, la biodiversidad o el fortalecimiento de una conciencia ambiental en la comunidad vecina.","respuestas":[null]}}