{"principio":"1","punto":"10.1","maestra":{"pregunta":"¿La empresa se encuentra ubicada en un sitio permitido para la actividad agrícola?","criterio":1,"equivalencia":"2.3,9.5","texto":"Las áreas productivas no deben ubicarse en lugares donde pudieran provocar efectos negativos en parques nacionales, refugios de vida silvestre, corredores biológicos, reservas forestales, áreas de amortiguamiento u otras áreas de conservación biológica públicas o privadas (2.3). \n\nEl establecimiento de nuevas áreas de producción debe basarse en estudios de capacidad y uso de la tierra que demuestren la capacidad productiva a largo plazo (9.5 - criterio crítico)."},"informativas":{"principal":"La empresa debe demostrar que su actividad se encuentra en una zona permitida por la autoridad competente.","respuestas":[null,null]}}