{"principio":"1","punto":"10.10","maestra":{"pregunta":"¿Se tiene prohibida la extracción de flora y fauna de especies amenazadas?","criterio":1,"equivalencia":"2.4,3.4,3.4","texto":"No se permitirá la extracción de plantas de especies amenazadas o en peligro de extinción (2.4). \n\nSe debe prohibir la cacería, la recolecta, la extracción y el tráfico de animales silvestres en la finca. Se les permite a los grupos culturales o étnicos cazar o recolectar fauna silvestre de una manera controlada y en áreas designadas para tales fines bajo las condiciones siguientes: \n\na. Las actividades no involucran especies amenazadas o en peligro de extinción.\nb. Existe legislación establecida que reconoce los derechos de estos grupos de cazar o recolectar vida silvestre. \nc. Las actividades de cacería y recolecta no tienen impactos negativos en procesos o funciones ecológicos o importantes para la sostenibilidad agrícola o de ecosistemas locales. \nd. La viabilidad a largo plazo de las poblaciones de las especies no está afectada.\ne. Las actividades de cacería y recolecta no son para fines comerciales (3.3 - criterio crítico).\n \nEl productor debe mantener un inventario de animales silvestres en cautiverio dentro de la finca y ejecutar políticas y procedimientos para regular y reducir su tenencia. No se debe permitir el cautiverio de especies amenazadas o en peligro de extinción (3.4)"},"informativas":{"principal":"¿Se tiene prohibida la extracción de flora y fauna de especies amenazadas?","respuestas":[null]}}