{"principio":"3","punto":"10.12","maestra":{"pregunta":"¿La empresa tiene un plan para convertir áreas\nimproductivas en zonas de conservación?","criterio":1,"equivalencia":2.1,"texto":"Todos los ecosistemas naturales existentes, tanto acuáticos como terrestres, deben ser identificados, protegidos y recuperados mediante un programa de conservación. El programa debe incluir la recuperación de ecosistemas naturales o la reforestación de áreas dentro de la finca que no son apropiadas para la agricultura (2.1 criterio crítico)"},"informativas":{"principal":"Debe haber un plan para convertir áreas improductivas en zonas de conservación de flora y fauna.","respuestas":[null]}}