{"principio":"2","punto":"10.3","maestra":{"pregunta":"Se tiene un sistema de identificación o referencia visual\npara cada área, sector o invernadero?","criterio":2,"equivalencia":0,"texto":""},"informativas":{"principal":"La empresa debe:\n","respuestas":["a) Identificar físicamente mediante un código, número o color, cada área, sector o invernadero cultivado.\n","b) La identificación del área, sector o invernadero debe coincidir con los registros que se lleven de las actividades agrícolas."]}}