{"principio":"1","punto":"10.5","maestra":{"pregunta":"¿Para fincas nuevas se realiza una evaluación de riesgos?","criterio":1,"equivalencia":"1.6,9.5","texto":"Se deben evaluar los posibles impactos sociales y ambientales de nuevas obras o actividades, tales como la expansión de áreas de producción o la construcción, la instalación de nueva infraestructura o cambios mayores en los sistemas de producción o procesamiento. La evaluación debe efectuarse según la legislación vigente, o en su ausencia, con base en metodologías técnicamente reconocidas, antes del inicio de los cambios o las obras (1.6). \n\nLas nuevas áreas de producción deben estar ubicadas solamente en aquellas tierras que presenten condiciones de clima, suelos y topografía adecuadas para la intensidad de la producción agrícola planificada (9.5 - criterio crítico)"},"informativas":{"principal":"Las fincas nuevas en la producción de cultivos ornamentales, deben documentar la valoración de riesgos teniendo en cuenta como mínimo:","respuestas":["a) Tipo de suelo.","b) Grados actuales o potenciales de erosión.","c) Profundidad del nivel freático de acuerdo con la topografía del terreno.","d) Disponibilidad de fuentes sostenibles de agua.\n","e) Uso anterior del área.","f) Plagas de suelo.","g) Uso actual de áreas adyacentes.","h) Impacto ambiental sobre áreas adyacentes.","Este requisito no aplica para ampliaciones de áreas en fincas ya establecidas."]}}