{"principio":"1","punto":"11.1","maestra":{"pregunta":"¿Se registran y se analizan los consumos de energía?","criterio":1,"equivalencia":11.1,"texto":"La finca debe describir anualmente sus fuentes de energía y la cantidad de energía utilizada de cada fuente para procesos de producción, transporte y uso doméstico dentro de los límites de la finca. Si es factible, el uso de fuentes de energía provenientes de la finca debe ser preferido (1.11)."},"informativas":{"principal":"La empresa debe:","respuestas":[" a) Tener registros documentados sobre el consumo de energía eléctrica, ACPM, gasolina, gas, carbón, entre otros.\n","b) En el sistema de información Florverde, registrar mensualmente el indicador de consumo de energía.\n","c) Tener análisis anual documentado de los resultados, tendencias y causas de los niveles de consumo de energía.","d) Establecer acciones encaminadas a la reducción de los niveles de consumo de energía de acuerdo con las posibilidades de control del mismo."]}}