{"principio":"2","punto":"11.2","maestra":{"pregunta":"¿La empresa cuenta con un programa de uso de energía\npara mejorar la eficiencia en su utilización?","criterio":2,"equivalencia":11.1,"texto":"La finca debe contar con un plan de eficiencia energética para disminuir su dependencia de energía no renovable y para promover el uso de energía renovable (1.11"},"informativas":{"principal":"La empresa debe:","respuestas":[" a) Disponer de un diagnóstico en donde se identifiquen los procesos y actividades en los que se pueden optimizar los consumos de energía.","b) Tener en ejecución un programa que describa las acciones a ser tomadas para mejorar la eficiencia en el uso de la energía.","",""]}}