{"principio":"3","punto":"11.4","maestra":{"pregunta":"¿Se tiene un programa para la disminución o compensación de las emisiones de GEI?","criterio":2,"equivalencia":10.6,"texto":"La finca debe implementar prácticas para reducir las emisiones de gases invernaderos e incrementar la captura de dióxido de carbono. Estas prácticas incluyen coberturas de suelo, siembra de árboles u otras plantas perennes, adquisición y manejo apropiado de fertilizantes y combustibles, manejo de plantas de tratamiento de aguas residuales, manejo integrado de residuos, uso de tecnologías limpias, uso eficiente de energía, mejoramiento de prácticas de preparación de suelos, así como la participación en iniciativas locales o regionales dirigidas a la reducción de gases invernaderos o captura de dióxido de carbono (10.6)"},"informativas":{"principal":"La empresa debe desarrollar un programa para reducir las emisiones de GEI en el proceso o compensarlas a través de iniciativas locales o regionales encaminadas a la captura de dióxido de carbono.","respuestas":[null]}}