{"principio":"3","punto":"11.6","maestra":{"pregunta":"¿Los instrumentos de medición son calibrados?","criterio":2,"equivalencia":8.3,"texto":"La finca debe implementar los procedimientos y tener el equipo necesario para hacer la mezcla y la aplicación de agroquímicos, así como el mantenimiento, la calibración y la reparación del equipo de aplicación, con el fin de reducir al mínimo el desperdicio y la aplicación excesiva (8.3)"},"informativas":{"principal":"La empresa debe:","respuestas":["a) Tener un inventario de los instrumentos de medición que requieren calibración.\n","b) Contar con registros que evidencien la calibración realizada a los mismos durante los últimos doce (12) meses por personas o empresas que demuestren su competencia para hacerlo.\n"]}}