{"principio":"2","punto":"12.1","maestra":{"pregunta":"¿El proveedor del material vegetal de propagación conoce y cumple\nlas especificaciones de calidad exigidas por la empresa cultivadora?","criterio":2,"equivalencia":"","texto":""},"informativas":{"principal":"La empresa que adquiera material vegetal de propagación debe:","respuestas":["a) Tener correspondencia escrita con el proveedor, que de muestre acuerdos referentes a especificaciones de calidad del material vegetal, en caso de que estas existan.","b) Demostrar que el proveedor cumple con las especificaciones de calidad exigidas.","c) Demostrar que las variedades recibidas del proveedor corresponden con las requeridas dentro de las especificaciones de calidad.\n","d) Disponer de registros para demostrar que las variedades propagadas corresponden con las variedades cultivadas.\n","\ne) Disponer de documentos recibidos del proveedor garantizando la calidad del material de propagación vegetal entregado. Además, los registros deben indicar el nombre y pureza de la variedad, número de lote y nombre del proveedor."]}}