{"principio":"1","punto":"12.2","maestra":{"pregunta":"¿La empresa respeta la propiedad intelectual de los obtentores\no la patente correspondiente a las variedades cultivadas?","criterio":1,"equivalencia":0,"texto":""},"informativas":{"principal":"La empresa debe:","respuestas":["a) Tener una lista de variedades actualmente en producción y que se encuentran legalmente protegidas.\n","b) Contar con la documentación necesaria para demostrar que las variedades cultivadas, provienen de una fuente legal (contrato de venta, confirmación de la orden de compra, factura, declaración escrita), o se tiene autorización escrita del obtentor para propagar o autopropagar la variedad protegida (contrato de licencia).\n"]}}