{"principio":"2","punto":"12.3","maestra":{"pregunta":"¿Existe un documento que garantice la calidad fitosanitaria\ndel material vegetal de propagación adquirido?","criterio":2,"equivalencia":0,"texto":""},"informativas":{"principal":"La empresa debe disponer de registros o certificados del proveedor que evidencien la calidad fitosanitaria del material vegetal de propagación (por ejemplo: semillas, esquejes, plantas, bulbos, yemas, estacas, rizomas, meristemos, entre otros) adquirido.","respuestas":[null]}}