{"principio":"2","punto":"12.4","maestra":{"pregunta":"¿Existe un sistema de control de calidad fitosanitaria para el área de propagación?","criterio":2,"equivalencia":8.1,"texto":"La finca debe ejecutar un programa de manejo integrado de plagas, fundamentado en principios ecológicos de control de poblaciones de plagas dañinas (insectos, plantas, animales y microbios). Este programa debe otorgar prioridad al uso de controles físicos, mecánicos, culturales y biológicos y al menor uso posible de agroquímicos. El programa debe incluir actividades para el monitoreo de poblaciones de plagas, la capacitación de personal de monitoreo y las técnicas de manejo integrado de plagas. Como parte del programa, la finca debe recolectar y describir la información sobre las infestaciones de las plagas: fechas, duración, extensión y ubicación de la infestación; tipo de plaga; mecanismos de control empleados; factores ambientales durante la infestación; daños y costos estimados de los daños y del control (8.1)."},"informativas":{"principal":"Si la empresa tiene un área de propagación de material vegetal, allí debe haber un sistema de control de calidad fitosanitaria que incluya métodos de monitoreo de los síntomas visibles de plagas y enfermedades, acompañados de registros de sus hallazgos y las correspondientes estrategias de control aplicadas.","respuestas":[null]}}