{"principio":"1","punto":"12.5","maestra":{"pregunta":"¿La empresa que obtenga, adquiera o cultive material vegetal\ngenéticamente modificado cumple con la legislación nacional?","criterio":1,"equivalencia":0,"texto":""},"informativas":{"principal":"La empresa que obtenga, adquiera o cultive material vegetal modificado genéticamente debe:","respuestas":["a) Tener documentos que demuestren que cumple con la legislación nacional vigente y aplicable.\n","b) Tener información documentada sobre la modificación genética específica realizada al material vegetal."]}}