{"principio":"2","punto":"12.8","maestra":{"pregunta":"Se cuenta con un procedimiento para reducir el riesgo de mezcla entre el\nmaterial vegetal modificado genéticamente y el material que no lo es?","criterio":2,"equivalencia":0,"texto":""},"informativas":{"principal":"La empresa cultivadora debe tener un procedimiento escrito que explique cómo se maneja y se almacena el material vegetal modificado genéticamente (las cosechas y los ensayos) para reducir al mínimo el riesgo de mezcla con el material convencional, manteniendo la integridad del producto.","respuestas":[null]}}