{"principio":"2","punto":"12.9","maestra":{"pregunta":"¿Las cosechas de material vegetal modificado genéticamente\nson almacenadas por separado de otras cosechas?","criterio":2,"equivalencia":0,"texto":""},"informativas":{"principal":"La empresa cultivadora debe demostrar:","respuestas":["\n\na) Que las cosechas de material vegetal modificado genéticamente se almacenan por separado del material vegetal convencional.\n\nb) Que el sitio de almacenamiento del material vegetal modificado genéticamente cosechado se encuentra identificado y garantiza la integridad del producto.\n"]}}