{"principio":"2","punto":"13.1","maestra":{"pregunta":"¿La empresa tiene un procedimiento que garantice que \nel proceso de cosecha se realiza bajo condiciones de higiene?","criterio":2,"equivalencia":0,"texto":""},"informativas":{"principal":"La empresa debe:","respuestas":["a) Demostrar que tiene y cumple un procedimiento documentado para garantizar las condiciones de higiene durante el proceso de cosecha del producto.\n\nb) El procedimiento debe contemplar al menos los siguientes aspectos:\n\n• Limpieza de cajas o recipientes de transporte libres de basuras, desechos, tierra, insectos, etc.\n• Orden y aseo en los lugares destinados al almacenamiento de cajas, baldes, lonas y demás recipientes de transporte.\n• Limpieza de las herramientas de corte"]}}