{"principio":"2","punto":"13.2","maestra":{"pregunta":"¿La empresa tiene un procedimiento que evite la deshidratación del producto\ncosechado desde el momento de corte hasta el proceso de enfriamiento?","criterio":2,"equivalencia":0,"texto":""},"informativas":{"principal":"a empresa debe:","respuestas":["a) Demostrar que tiene y cumple un procedimiento documentado para evitar la deshidratación del producto cosechado hasta el proceso de enfriamiento, según aplique.\n\nb) El procedimiento debe contemplar al menos los siguientes aspectos:\n\n• Tiempos definidos entre la cosecha y la llegada del material a poscosecha.\n• Preparación de soluciones de hidratación.\n• Tiempos mínimos de hidratación."]}}