{"principio":"2","punto":"13.3","maestra":{"pregunta":"¿Se mantienen en buenas condiciones de orden, aseo\ny limpieza las áreas de clasificación, empaque y cuartos fríos?","criterio":2,"equivalencia":"6.6,10.5","texto":"La finca debe proveer a sus trabajadores en todas las áreas de trabajo, los servicios básicos, recursos y condiciones de trabajo necesarios para cumplir los objetivos del programa de salud y seguridad ocupacional y con los requisitos de seguridad, salubridad, orden y limpieza indicados por la legislación aplicable y esta norma (6.6).      \n\nLa finca debe estar limpia y sin acumulaciones de desechos de ningún tipo con el objeto de mantener una imagen positiva y contribuir al bienestar de los trabajadores. La finca debe realizar actividades educativas periódicas para los trabajadores y habitantes de la finca con el objetivo de promover el aseo y prevenir la disposición indiscriminada de desechos (10.5)."},"informativas":{"principal":"La empresa debe demostrar que no hay acumulación de residuos vegetales o líquidos u otro tipo de materiales.\nSe aceptan residuos mínimos generados durante la labor diaria.","respuestas":[null]}}