{"principio":"1","punto":"13.4","maestra":{"pregunta":"¿La empresa ha considerado alternativas diferentes al uso\nde sustancias químicas para la preservación de la flor?","criterio":1,"equivalencia":"8.1,8.7","texto":"La finca debe ejecutar un programa de manejo integrado de plagas, fundamentado en principios ecológicos de control de poblaciones de plagas dañinas (insectos, plantas, animales y microbios). Este programa debe otorgar prioridad al uso de controles físicos, mecánicos, culturales y biológicos y al menor uso posible de agroquímicos. El programa debe incluir actividades para el monitoreo de poblaciones de plagas, la capacitación de personal de monitoreo y las técnicas de manejo integrado de plagas. Como parte del programa, la finca debe recolectar y describir la información sobre las infestaciones de las plagas: fechas, duración, extensión y ubicación de la infestación; tipo de plaga; mecanismos de control empleados; factores ambientales durante la infestación; daños y costos estimados de los daños y del control (8.1).\n\nLa finca debe utilizar solamente métodos de fumigación para el tratamiento poscosecha que minimizan el efecto en la salud de los trabajadores y controlan las aplicaciones. Se deben mantener registros del tratamiento pos-cosecha que incluyen, como mínimo, la siguiente información: fecha de aplicación, número o lote del producto, nombre del ingrediente activo del producto aplicado, dosis y los nombres de las personas que mezclaron y aplicaron el tratamiento y aprobaron la aplicación (8.7)."},"informativas":{"principal":"La empresa debe demostrar que han sido consideradas y evaluadas alternativas diferentes al uso de STS (tiosulfato de plata) y plaguicidas en poscosecha. Para el caso de utilización de plaguicidas en poscosecha se debe cumplir con los requisitos de MIP aplicables.","respuestas":[null]}}