{"principio":"1","punto":"13.5","maestra":{"pregunta":"¿La empresa tiene un procedimiento que garantice las condiciones de enfriamiento\ndurante el almacenamiento y transporte del producto hasta el punto de entrega?","criterio":1,"equivalencia":0,"texto":""},"informativas":{"principal":"La empresa debe:\n","respuestas":["a) Demostrar que tiene y cumple un procedimiento documentado para garantizar la cadena de frío durante el almacena miento y transporte de producto hasta el punto de entrega, que puede ser el aeropuerto o el cliente inmediato.\n\nb) El procedimiento debe contemplar al menos los siguientes aspectos:\n\n• Rango de temperatura en el cual deben permanecer los cuartos fríos\n• Rango de temperatura en el cual deben permanecer los medios de transporte hasta el punto de entrega."]}}