{"principio":"2","punto":"13.6","maestra":{"pregunta":"La empresa tiene implementados procedimientos de viaje simulado\ny vida en florero, para evaluar la longevidad de la flor despachada a los clientes?","criterio":2,"equivalencia":0,"texto":""},"informativas":{"principal":"La empresa debe:\n","respuestas":["a) Demostrar que tiene y cumple un procedimiento documentado de viaje simulado y vida en florero\n\nb) Tener registros de los resultados de las evaluaciones realiazadas\n\nc) Demostrar las medidas correctivas que se han tomado con los resultados de las evaluaciones.\n"]}}