{"principio":"1","punto":"14.1","maestra":{"pregunta":"¿Se tiene implementado un sistema que permita identificar\ny cuantificar el producto certificado Florverde?","criterio":1,"equivalencia":0,"texto":""},"informativas":{"principal":"La empresa a través de un sistema de registro de entrada y salida de producto, causado en periodos de máximo tres meses calendario, debe identificar y cuantificar:","respuestas":["a) La cantidad de producto propio producido certificado.\n\nb) La cantidad de producto propio producido no certificado.\n\nc) La cantidad de producto certificado adquirido de terceros.\n\nd) La cantidad de producto no certificado adquirido de terceros.\n\ne) La cantidad de producto propio y adquirido descartado.\n\nf) La cantidad de producto despachado.\n"]}}