{"principio":"1","punto":"14.2","maestra":{"pregunta":"¿Se tienen procedimientos y registros para identificar los productos\nque han sido adquiridos de proveedores de flor y follajes?","criterio":1,"equivalencia":0,"texto":""},"informativas":{"principal":"La empresa debe tener procedimientos que permitan identificar y cuantificar producto certificado y no certificado Florverde adquirido de proveedores, que incluyan como mínimo:\n","respuestas":["a) Lista de proveedores de flor y follaje certificados y no certificados Florverde.\n\nb) Tipo de flor y follaje adquirido de cada proveedor.\n\nc) Copia del certificado Florverde vigente de cada proveedor.\n\nd) Facturas de compra.\n"]}}