{"principio":"1","punto":"14.3","maestra":{"pregunta":"¿Existe un sistema de trazabilidad que permita rastrear el producto\ndesde donde fue despachado hasta el cliente inmediato?","criterio":1,"equivalencia":0,"texto":""},"informativas":{"principal":"conjunto de empresas que forman parte de un grupo hasta el cliente inmediato.\n\nLa información del lote de producto despachado debe vincularse con la información de origen del mismo, cuando este ha sido cultivado directamente o adquirido de terceros.","respuestas":[null]}}