{"principio":"1","punto":"15.1","maestra":{"pregunta":"¿La empresa hace uso de la marca de conformidad Florverde Sustainable Flowers de acuerdo con el Reglamento general para la certificación Florverde Sustainable Flowers\ny el acuerdo de sublicencia y certificación?","criterio":1,"equivalencia":0,"texto":""},"informativas":{"principal":"Para poder hacer uso de la marca de conformidad Florverde Sustainable Flowers sobre el producto, se permite la mezcla de producto certificado con producto que no lo es, sin exceder un 30% el contenido de este último, medido en cantidades des- pachadas en periodos máximos de tres (3) meses, evidenciado a través de registros.\n\nLa empresa o el grupo de empresas que haga uso de la marca de conformidad Florverde Sustainable Flowers, deberá seguir lo establecido en el Reglamento general para la certificación Florverde Sustainable Flowers y el acuerdo de sublicencia y certificación. La marca de conformidad Florverde Sustainable Flowers puede ser usada y figurar en el producto, en el empaque destinado al consumidor final o en el punto de venta, así como en las comunicaciones comerciales.\n","respuestas":[null]}}