{"principio":"1","punto":"15.2","maestra":{"pregunta":"¿La empresa comunica a sus clientes directos, acerca del uso adecuado\nde la marca de conformidad Florverde Sustainable Flowers?","criterio":1,"equivalencia":1.1,"texto":""},"informativas":{"principal":"La empresa deberá comunicar a sus clientes directos sobre la implementación de buenas prácticas de trazabilidad y etiquetado, con el fin de garantizar que la marca de conformidad Florverde Sustainable Flowers solo sea utilizada para etiquetar producto certificado.","respuestas":[null]}}