{"principio":"1","punto":"2.1","maestra":{"pregunta":"¿Todos los trabajadores son mayores de 18 años?","criterio":1,"equivalencia":5.8,"texto":"Criterio crítico. Está prohibida la contratación directa o indirecta de trabajadores menores de 15 años de edad, ya sea de tiempo completo o parcial. En los países que han ratificado los convenios de la OIT (Organización Internacional del Trabajo), la finca debe acatar lo establecido en la convención 138, recomendación 146 (edad mínima) (5.8 - Criterio crítico). Edad minima para Colombia 18 años."},"informativas":{"principal":"La empresa debe impedir la vinculación, bajo cualquier modalidad de contrato, de personas cuya edad sea inferior a 18 años cumplidos, al momento de inicio de labores, de conformidad con lo recomendado por la OIT.\n\nExcepción: se exceptúa de este impedimento la contratación de aprendices en etapa lectiva o en formación, que cumplan con las condiciones definidas en los convenios de la OIT y en la legislación laboral. En ningún caso, el aprendiz considerado bajo esta excepción podrá realizar actividades dentro de las instalaciones de la empresa. Las condiciones para la contrata- ción se detallan en el criterio 3.4 de este estánda","respuestas":[null]}}