{"principio":"1","punto":"2.11","maestra":{"pregunta":"¿Se paga correcta y oportunamente las primas, intereses de cesantías y se le informa al\ntrabajador sobre los aumentos salariales de conformidad con la legislación vigente y aplicable?","criterio":1,"equivalencia":"1.1,1.3,1.4,5.1","texto":""},"informativas":{"principal":"La empresa debe asegurar que:","respuestas":["a) Se tengan firmados por el trabajador los comprobantes (por ejemplo: liquidaciones, colillas, desprendibles o planillas) del pago de primas e intereses de cesantías, acorde con las condiciones establecidas en el contrato.","b) Los aumentos salariales sean comunicados por escrito cuando estos se realicen","c) Los comprobantes de pago y aumentos salariales deben ser de fácil comprensión para el trabajador."]}}