{"principio":"1","punto":"2.12","maestra":{"pregunta":"¿Se paga correcta y oportunamente las vacaciones?","criterio":1,"equivalencia":5.6,"texto":"Los horarios de trabajo, tiempos de descanso dentro de la jornada laboral diaria, el número de días de vacaciones pagadas por año, los días de descanso y los días no laborales deben cumplir con la legislación laboral vigente y con las siguientes condiciones mínimas: c. Todos los trabajadores deben tener derecho a vacaciones pagadas equivalentes a mínimo un día laboral por cada mes de trabajo (12 días o dos semanas laborales por año) o su equivalente para trabajadores de tiempo parcial. Estos derechos y beneficios deben ser conocidos por los trabajadores e incluidos en cualquier contrato laboral o convenio colectivo (5.6)."},"informativas":{"principal":"La empresa debe:","respuestas":["a) Tener comprobantes, liquidaciones, colillas o desprendibles del pago correcto de las vacaciones de los trabajadore","b) Realizar el pago de las vacaciones de conformidad con la legislación vigente y aplicable\n"]}}