{"principio":"1","punto":"2.13","maestra":{"pregunta":"¿Se paga correcta y oportunamente la seguridad social y los parafiscales?","criterio":1,"equivalencia":"5.16,5.17,5.18","texto":"Todos los trabajadores y sus familias deben tener acceso a servicios médicos durante horas de trabajo y en caso de emergencias. Cuando la legislación así lo exija, la finca debe contratar los servicios de un médico o enfermero y asegurar que cuenten con el equipo necesario para realizar estos servicios (5.16). \n\nLa finca debe tener mecanismos para garantizar el acceso a la educación a los hijos en edad escolar de los trabajadores que vivan en la finca. Las escuelas establecidas y administradas por fincas certificadas deben contar con los recursos, el personal y la infraestructura necesarios para ofrecer una experiencia educativa que cumpla con los requisitos legales nacionales (5.17). \n\nLa finca debe implementar un programa de educación dirigido al personal administrativo y operativo (trabajadores de la finca) de la finca, así como a sus familias, el cual comprende tres áreas temáticas: los objetivos y requisitos generales de la certificación, temas ambientales y de conservación relacionados con esta norma, y los conceptos fundamentales de higiene y salud. El programa debe estar diseñado para la cultura, el lenguaje y nivel de escolaridad de los involucrados (5.18)."},"informativas":{"principal":"La empresa debe:","respuestas":["a) Realizar los pagos de toda la seguridad social de los trabajadores en las aseguradoras correspondientes, acorde con la legislación nacional vigente.","b) Realizar los pagos de parafiscales o los correspondientes, de acuerdo con la legislación nacional vigente y aplicable, para la promoción de la educación y la primera infancia de los hijos de los trabajadores.","c) Promover el acceso a servicios médicos y de educación por parte de los trabajadores y sus familias a través del sistema de seguridad social."]}}