{"principio":"1","punto":"2.15","maestra":{"pregunta":"¿Se entrega oportunamente a los trabajadores la dotación\nde vestido y calzado de trabajo??","criterio":1,"equivalencia":6.6,"texto":""},"informativas":{"principal":"La empresa debe:\n","respuestas":["a) Entregar a los trabajadores la dotación de vestido y calzado de trabajo en las fechas establecidas en la legislación nacional vigente y aplicable.","b) Tener registros de todos los trabajadores con su firma, que certifique haber recibido oportunamente la dotación legal."]}}