{"principio":"1","punto":"2.17","maestra":{"pregunta":"¿Se tiene reglamento interno de trabajo aprobado y publicado?","criterio":1,"equivalencia":5.1,"texto":"La finca debe tener una política social que declare el compromiso de la finca de cumplir con la legislación laboral vigente y con los convenios internacionales indicados en esta norma. La política debe resumir los derechos y responsabilidades de la administración y de los trabajadores, con énfasis en los aspectos laborales, las condiciones de vivienda y de los servicios básicos y de salud y seguridad ocupacional, las  oportunidades de capacitación y en las relaciones con la comunidad. La política social debe ser aprobada por la alta dirección de la finca y divulgarse, conocerse y estar comunicada y disponible al personal de la finca (5.1)"},"informativas":{"principal":"La empresa debe evidenciar que se tiene documentado, divulgado y actualizado el reglamento interno de trabajo de conformidad con la legislación aplicable, y dispone de:","respuestas":["a) Aprobación del reglamento.","b) Publicación del reglamento en dos lugares visibles dentro de la empresa.","c) Cumplimiento con lo establecido en el reglamento."]}}