{"principio":"1","punto":"2.18","maestra":{"pregunta":"¿La jornada de trabajo cumple con la legislación laboral vigente?","criterio":1,"equivalencia":5.6,"texto":"Los horarios de trabajo, tiempos de descanso dentro de la jornada laboral diaria, el número de días de vacaciones pagadas por año, los días de descanso y los días no laborales deben cumplir con la legislación laboral vigente y con las siguientes condiciones mínimas: \n\na. El máximo de horas laborales ordinarias por semana no debe exceder de 48. \nb. Los trabajadores deben tener un mínimo de 24 horas consecutivas de descanso (un día libre) por cada seis días trabajados en forma consecutiva. Estos derechos y beneficios deben ser conocidos por los trabajadores e incluidos en cualquier contrato laboral o convenio colectivo (5.6)"},"informativas":{"principal":"La empresa debe:\n","respuestas":["a) Cumplir con la jornada laboral y los tiempos de descanso establecidos en la legislación laboral vigente y aplicable.\n","b) Tener un sistema implementado para registrar las horas diarias de trabajo.",".c) En caso de cumplir 48 horas semanales de labores, la empresa evidenciará que se utilizan como mínimo dos (2) horas semanalmente, por trabajador, sólo a actividades culturales, de capacitación, recreación o deportes, según registros, cronogramas y planes de acción.\n"]}}