{"principio":"1","punto":"2.2","maestra":{"pregunta":"¿Existe un archivo formal con las carpetas de los trabajadores y están actualizadas??","criterio":1,"equivalencia":"1.5,5.4","texto":"La finca debe conservar en sus instalaciones u oficina administrativa respectiva, toda la documentación y los registros creados para el sistema de gestión social y ambiental por un período mínimo de tres años, así como aquellos que comprueben el cumplimiento con esta norma, salvo que una norma indicara otro período. Estos documentos deben estar fácilmente disponibles para los responsables de ejecutar los diferentes programas y actividades del sistema de gestión social y ambiental (1.5). \n\nAquellas fincas con diez o más empleados permanentes, ya sean de tiempo completo o parcial, deben mantener una planilla y descripciones de trabajo actualizadas con la siguiente información documentada y accesible para cada empleado: \n\na. Nombre del trabajador, cédula o número de identificación y puesto. \n\nb. Descripción del puesto y salario asignado al puesto. \n\nc. Salario mínimo establecido por el gobierno de acuerdo con el tipo de actividad realizada. \n\nd. Las horas laborales por semana establecidas por la legislación, de acuerdo con el tipo de puesto y trabajo realizado, cotejadas con la cantidad de horas asignadas a cada trabajador. \n\ne. Requisitos del puesto, por ejemplo, capacitación o destrezas especiales. \n\nf. Fechas de pago. \n\ng. Pago bruto por horas normales. \n\nh. Pago bruto por horas extra. \n\ni. Pago total (horas normales y extra). \n\nj. Deducciones legales y otras deducciones acordadas con el trabajador. \n\nk. Pago neto (5.4)."},"informativas":{"principal":"La empresa debe:","respuestas":["a) Mantener las carpetas de los trabajadores directos actualizadas con todos los documentos pertinentes de la relación laboral, desde la fecha de inicio del contrato.","b) Mantener la documentación en condiciones de seguridad que eviten su destrucción, pérdida o deterioro."]}}