{"principio":"1","punto":"2.20","maestra":{"pregunta":"¿La empresa cuenta con un procedimiento de contratación de terceros?","criterio":1,"equivalencia":1.8,"texto":"Los proveedores de servicios a la finca deben asumir el compromiso de cumplir con los requisitos ambientales, sociales y laborales de esta norma tanto mientras operan en la finca como cuando realizan actividades fuera de esta relacionadas con estos servicios. La finca debe tener mecanismos para evaluar a sus proveedores de servicios y verificar que cumplan con esta norma. La finca no debe usar los servicios de proveedores o contratistas que no cumplan con los requisitos sociales, laborales o ambientales de esta norma (1.8)."},"informativas":{"principal":"La empresa debe tener un procedimiento escrito de las diferentes modalidades de contratación de terceros, y que contenga como mínimo lo siguiente:","respuestas":["a) Criterios para seleccionar y evaluar a los contratistas.","b) Lista de identificación de los contratistas prioritarios para el proceso productivo.","c) Registros para verificar el cumplimiento por parte de los con-tratistas prioritarios de los requisitos de la normativa Florverde que apliquen según el servicio prestado, durante la vigencia de su operación."]}}