{"principio":"1","punto":"2.21","maestra":{"pregunta":"¿Se tienen contratos escritos para la contratación con terceros?","criterio":1,"equivalencia":"1.8,5.3","texto":"Los proveedores de servicios a la finca deben asumir el compromiso de cumplir con los requisitos ambientales, sociales y laborales de esta norma tanto mientras operan en la finca como cuando realizan actividades fuera de esta relacionadas con estos servicios (1.8).\n\nLa finca debe contratar directamente su mano de obra, salvo que algún contratista pueda proveer servicios especializados o temporales bajo las mismas condiciones ambientales, sociales y laborales exigidas por esta norma. La finca no debe establecer relaciones o contratos fijos con terceros, formar y participar directamente en empresas de empleados, o usar otros tipos de mecanismos para evitar la contratación directa de trabajadores y las obligaciones que normalmente se asocian con un contrato laboral. La contratación de trabajadores extranjeros debe estar sujeta a un permiso de trabajo emitido por la entidad gubernamental competente. La finca no debe pedir dinero a los trabajadores en cambio a empleo (5.3)."},"informativas":{"principal":" Para contratar con terceros se debe:","respuestas":["a) Tener contratos escritos vigentes entre la empresa y todos los contratistas (personas jurídicas o naturales)\n","b) Los contratos deben incluir como mínimo las siguientes cláusulas: tipo de labor, duración, forma de pago, indicar el tipo de vinculación entre el contratista y sus trabajadores, la responsabilidad sobre el pago a toda la seguridad social, suministro de la dotación legal, cumplimiento de la normatividad interna de higiene y seguridad, y cláusula del manejo de la salud ocupacional que incluya suministro de EPP de los contratistas o subcontratados."]}}