{"principio":"1","punto":"2.24","maestra":{"pregunta":"¿Se controla los pagos de salarios y de seguridad social de los terceros?","criterio":1,"equivalencia":"1.8,5.3","texto":"La finca debe tener mecanismos para evaluar a sus proveedores de servicios y verificar que cumplan con esta norma (1.8).\n\nLa finca debe contratar directamente su mano de obra, salvo que algún contratista pueda proveer servicios especializados o temporales bajo las mismas condiciones ambientales, sociales y laborales exigidas por esta norma (5.3)."},"informativas":{"principal":"ALa empresa debe asegurar para los terceros (contratistas prioritarios, incluyendo las sociedades de acciones simplificadas, empresas de servicio temporal y cooperativas de trabajo asociado, entre otros) un mecanismo interno para gestionar:","respuestas":["a) Los pagos de toda la seguridad social de los trabajadores en las aseguradoras correspondientes, según la legislación nacional vigente.\n","c) Pagos de salarios y demás acreencias laborales.","d) De acuerdo con los resultados del mecanismo de gestión, se debe tomar las acciones necesarias para garantizar el mejoramiento de sus terceros.\n","Esto aplica a los trabajadores que se encuentren durante la vigencia y operación del contratista."]}}