{"principio":"1","punto":"2.3","maestra":{"pregunta":"¿No se practica dentro de la empresa trabajo forzoso?","criterio":1,"equivalencia":5.10,"texto":"Criterio crítico. Se prohíbe cualquier tipo de trabajo forzado, que incluye el trabajo bajo régimen de prisión, de acuerdo con los convenios 29 y 105 de la Organización Internacional de Trabajo (OIT) y la legislación nacional. La finca no retiene ni parcial- ni totalmente el salario, beneficios o cualquier derecho adquirido o establecido por la ley o documentos de los trabajadores con el fin de obligarlos a laborar o quedarse en la finca, o como acción disciplinaria. La finca no debe emplear la extorsión, el endeudamiento, las amenazas, el abuso o acoso sexual, o cualquier otra medida física o sicológica para obligar a los trabajadores a laborar o quedarse en la finca, o como acción disciplinaria (5.10)."},"informativas":{"principal":"La empresa debe garantizar que:","respuestas":["a) Los trabajadores deciden su vinculación y renuncia de manera personal y voluntaria.","b) Los trabajadores tienen libertad para retirarse al finalizar la jornada laboral.","c) No retiene documentos de identidad a sus trabajadores, el salario, beneficios, o cualquier derecho estipulado por la ley, con el fin de obligarlos a laborar o como acción disciplinaria.","d) No se contrata labor de prisioneros.","\ne) No se solicitan depósitos a los trabajadores al momento de la contratación y los préstamos efectuados durante la relación laboral no los obligan a laborar hasta cancelar el préstamo"]}}