{"principio":"1","punto":"2.4","maestra":{"pregunta":"¿Todos los trabajadores cuentan con contrato laboral escrito?","criterio":1,"equivalencia":5.4,"texto":"La finca debe tener políticas y procedimientos de pago que garanticen el pago completo de los trabajadores en las fechas acordadas y en el contrato laboral. El pago debe ocurrir en el lugar de trabajo u otro lugar, o mediante otro mecanismo acordado con el trabajador (5.4)"},"informativas":{"principal":"La empresa debe cumplir las normas de contratación, de conformidad con la legislación nacional vigente y aplicable, y disponer de:","respuestas":["a) Contratos de trabajo escritos en idioma local, a todos los trabajadores que incluyan como mínimo las siguientes condiciones: identificación y domicilio de las partes, el lugar y la fecha de su celebración, el lugar en donde se haya contratado al trabajador y en donde haya de prestar el servicio, la naturaleza del trabajo, la cuantía de la remuneración, su forma y periodo de pago, duración del contrato y causales de terminación.","b) Evidencia de entrega al trabajador de copia del contrato y de las cláusulas adicionales si las hubiere","c)n Contrato en la carpeta de la hoja de vida del trabajador, la cual debe ser archivada."]}}