{"principio":"2","punto":"2.5","maestra":{"pregunta":"¿Se formaliza la finalización de la relación laboral de\nacuerdo con lo establecido por las normas vigentes?","criterio":1,"equivalencia":0,"texto":""},"informativas":{"principal":"¿Se formaliza la finalización de la relación laboral de\nacuerdo con lo establecido por las normas vigentes?","respuestas":["a) Carta de finalización, acorde con el motivo de retiro.","b) Certificación laboral.","c) Carta al fondo de cesantías.","d) Citación a examen médico de egreso.\n","e) Liquidación definitiva y oportuna de prestaciones sociales."]}}