{"principio":"1","punto":"2.8","maestra":{"pregunta":"¿Se llevan a cabo procedimientos para el manejo disciplinario?","criterio":1,"equivalencia":0,"texto":""},"informativas":{"principal":"La empresa debe verificar:","respuestas":["a) Que exista procedimiento documentado de manejo disciplinario.","b) Que dicho procedimiento se cumpla de acuerdo con lo establecido en el reglamento interno de trabajo debidamente aprobado.","c) Que las acciones disciplinarias son aplicadas a todos los trabajadores, con el debido proceso."]}}