{"principio":"1","punto":"3.1","maestra":{"pregunta":"¿Se tiene establecido un programa de formación y entrenamiento\nque responda a las necesidades internas de la empresa?","criterio":1,"equivalencia":1.9,"texto":"La finca debe implementar un programa de capacitación y educación para garantizar la ejecución eficaz del sistema de gestión social y ambiental y sus programas. Los temas de capacitación deben ser identificados según esta norma, los puestos de trabajo y los tipos de labores realizadas. Se deben mantener registros de las firmas de los participantes, los temas tratados y el nombre del instructor para cada evento de capacitación o educación. Las capacitaciones requeridas por la finca deben formar parte de las actividades laborales remuneradas (1.9)."},"informativas":{"principal":"La empresa debe tener un programa de formación y entrenamiento escrito que contenga::","respuestas":["a) Un diagnóstico de necesidades de formación y entrenamiento actualizado anualmente con cubrimiento a todos los trabajadores, labores y niveles jerárquicos.","b) Las acciones de formación y entrenamiento, por cargos, tipos de labores realizadas y según los requerimientos de esta norma en su componente social y ambiental.","c) Los contenidos de las acciones de formación.","d) Los registros actualizados del personal capacitado y entrenado, que incluyan: el tema, capacitador, fecha de realización, intensidad horaria y número de asistentes con sus firmas.\n","e) Los registros de la evaluación de las acciones de formación","f) Indicadores."]}}