{"principio":"2","punto":"3.2","maestra":{"pregunta":"¿Se cuenta con los contenidos del entrenamiento técnico\nque se realiza  para las labores propias de la empresa?","criterio":2,"equivalencia":6.2,"texto":"La finca debe implementar un programa permanente de capacitación continua, diseñado para facilitar el aprendizaje de los trabajadores, para que estos puedan realizar sus labores en una manera correcta y segura, especialmente el manejo de maquinaria y equipo agrícola. Los trabajadores deben conocer los requisitos de capacitación para sus labores y deben haberla recibido antes de iniciar su trabajo en la finca. En fincas con diez o más trabajadores permanentes en las áreas de producción y procesamiento, la finca debe documentar para cada tipo de capacitación los objetivos, los temas tratados, los trabajadores o puestos que deben asistir, los materiales didácticos usados, la frecuencia y duración y un listado de los participantes (6.2)."},"informativas":{"principal":"La empresa debe tener escritos y actualizados los protocolos o contenidos de la formación y entrenamiento técnico de las labores propias de la empresa.","respuestas":[null,null,null]}}