{"principio":"2","punto":"4.1","maestra":{"pregunta":"¿Se cuenta con las instalaciones para consumir alimentos?","criterio":2,"equivalencia":6.6,"texto":"La finca debe proveer a sus trabajadores en todas las áreas de trabajo, los servicios básicos, recursos y condiciones de trabajo necesarios para cumplir los objetivos del programa de salud y seguridad ocupacional y con los requisitos de seguridad, salubridad, orden y limpieza indicados por la legislación aplicable y esta norma (6.6)."},"informativas":{"principal":"La empresa debe asegurar que:\n","respuestas":["a) Los comedores o sitios para consumir alimentos deben estar dotados de: piso liso y de fácil limpieza, techo, mesas y sillas suficientes para todos los trabajadores, incluidos los contratistas.","b) Los comedores o sitios para el consumo de alimentos deben ser cómodos, limpios e higiénicos.","c) Cuenta con espacios para el almacenamiento de los alimentos.","d) No se permite el calentamiento ni consumo de alimentos en sitios diferentes a los definidos por la empresa."]}}