{"principio":"2","punto":"4.2","maestra":{"pregunta":"¿Se cuenta con las instalaciones para cambio de ropa y casilleros para los trabajadores?","criterio":2,"equivalencia":6.6,"texto":"La finca debe proveer a sus trabajadores en todas las áreas de trabajo, los servicios básicos, recursos y condiciones de trabajo necesarios para cumplir los objetivos del programa de salud y seguridad ocupacional y con los requisitos de seguridad, salubridad, orden y limpieza indicados por la legislación aplicable y esta norma (6.6)."},"informativas":{"principal":"La empresa debe asegurar que:","respuestas":["a) Los vestidores estén separados por género, con piso duro y lavable, ventilados, ordenados y aseados.","b) Los casilleros donde queden guardados los objetos personales, deben ser suficientes para todos los trabajadores incluyendo a los contratistas."]}}