{"principio":"2","punto":"4.4","maestra":{"pregunta":"¿La empresa tiene establecido un plan de bienestar para los trabajadores?","criterio":2,"equivalencia":0,"texto":""},"informativas":{"principal":"El plan de bienestar debe:","respuestas":["a) Obedecer a un diagnóstico sociodemográfico que esté escrito y actualizado","b) Tener un plan de acción que responda a las necesidades prioritarias identificadas en el diagnóstico.","c) Tener registros que demuestren la realización de las actividades definidas en los planes de acción.","d) Indicadores que permitan evidenciar su desarrollo.","e) Tener un profesional responsable para dicho plan."]}}