{"principio":"2","punto":"4.5","maestra":{"pregunta":"¿Tiene proyectos de apoyo o acciones hacia la comunidad de influencia de la empresa?","criterio":2,"equivalencia":7.4,"texto":"La finca debe contribuir a la protección y conservación de los recursos naturales de la comunidad, colaborar con el desarrollo de la economía local y aportar una justa contribución a los costos de la infraestructura y los recursos consumidos que comparte con la comunidad – escuelas, caminos, acueductos, otras infraestructuras y agua y otros recursos – según el nivel de uso de la finca. La finca debe negociar con comunidades locales y autoridades locales y nacionales una compensación justa para los recursos e infraestructura usada (7.4)."},"informativas":{"principal":"La empresa debe contar con evidencia de acciones de apoyo a la comunidad.","respuestas":[null,null]}}