{"principio":"1","punto":"5.1","maestra":{"pregunta":"¿Se tiene un reglamento de higiene y seguridad industrial publicado?","criterio":1,"equivalencia":6.1,"texto":"La finca debe implementar un programa de salud y seguridad ocupacional cuyo objetivo principal sea identificar y minimizar o eliminar los riesgos ocupacionales de los trabajadores. Debe además cumplir con la legislación nacional aplicable y con esta norma y ser conocido y comprendido por los trabajadores (6.1). "},"informativas":{"principal":"La empresa debe evidenciar que se tiene el reglamento de higiene y seguridad industrial, de conformidad con la legislación aplicable en el país, y dispone de:","respuestas":["a) Publicación del reglamento en dos lugares visibles dentro de la empresa.","b) Cumplimiento con lo establecido en el reglamento."]}}