{"principio":"1","punto":"5.11","maestra":{"pregunta":"¿Se aplican normas de seguridad durante la operación\nde los equipos, máquinas y herramientas?","criterio":1,"equivalencia":5.2,"texto":"La finca debe implementar un programa permanente de capacitación continua, diseñado para facilitar el aprendizaje de los trabajadores, para que estos puedan realizar sus labores en una manera correcta y segura, especialmente el manejo de maquinaria y equipo agrícola. Los trabajadores deben conocer los requisitos de capacitación para sus labores y deben haberla recibido antes de iniciar su trabajo en la finca. En fincas con diez o más trabajadores permanentes en las áreas de producción y procesamiento, la finca debe documentar para cada tipo de capacitación los objetivos, los temas tratados, los trabajadores o puestos que deben asistir, los materiales didácticos usados, la frecuencia y duración y un listado de los participantes (6.2)."},"informativas":{"principal":"La empresa debe:","respuestas":["a) Garantizar que las normas de seguridad estén documentadas en el idioma oficial del país y sean de conocimiento y manejo de los usuarios","b) Tener registros de capacitación del personal que maneja equipos, máquinas y herramientas."]}}