{"principio":"1","punto":"5.14","maestra":{"pregunta":"","criterio":1,"equivalencia":"5.18, 6.2,6.18","texto":"La finca debe implementar un programa de educación dirigido al personal administrativo y operativo (trabajadores de la finca) de la finca, así como a sus familias, el cual comprende tres áreas temáticas: los objetivos y requisitos generales de la certificación, temas ambientales y de conservación relacionados con esta norma, y los conceptos fundamentales de higiene y salud (5.18).\n\nLa finca debe implementar un programa permanente de capacitación continua, diseñado para facilitar el aprendizaje de los trabajadores, para que estos puedan realizar sus labores en una manera correcta y segura, especialmente el manejo de maquinaria y equipo agrícola. Los trabajadores deben conocer los requisitos de capacitación para sus labores y deben haberla recibido antes de iniciar su trabajo en la finca (6.2). \n\nTodos los trabajadores deben conocer las medidas de emergencia relacionadas con sus áreas de trabajo y sus responsabilidades (6.18)."},"informativas":{"principal":"La empresa debe:","respuestas":["a) Demostrar, mediante registros, que el personal ha recibido anualmente formación y entrenamiento en los procedimientos seguros de trabajo o normas de seguridad e higiene escritas, de acuerdo con los riesgos presentes en su puesto de trabajo.\n","b) Evidenciar que los trabajadores aplican las normas y procedimientos impartidos en la formación.\nLas acciones de formación requeridas forman parte de las actividades laborales remuneradas."]}}