{"principio":"2","punto":"5.16","maestra":{"pregunta":"¿La empresa cuenta con señalización teniendo en cuenta los riesgos?","criterio":2,"equivalencia":"6.6,6.7,6.8,6.9","texto":"La finca debe proveer a sus trabajadores en todas las áreas de trabajo, los servicios básicos, recursos y condiciones de trabajo necesarios para cumplir los objetivos del programa de salud y seguridad ocupacional y con los requisitos de seguridad, salubridad, orden y limpieza indicados por la legislación aplicable y esta norma (6.6). \n\nLa finca debe mantener estrictas normas de seguridad y orden en los talleres y las áreas de almacenaje con el objeto de reducir la posibilidad de accidentes (6.7).\n\nTodas estas áreas deben ser utilizadas solamente para este propósito y deben tener rótulos internos y externos que indiquen los tipos de sustancias almacenados, el peligro que representan y las medidas de precaución del área. e. Las salidas de emergencias están claramente señaladas y sin obstáculos (6.8). \n\nTodas estas áreas deben tener rótulos legibles a una distancia de 20 metros para indicar los tipos de sustancias almacenados, el peligro que representan y las medidas de precaución del área (6.9)."},"informativas":{"principal":"La empresa debe señalizar los lugares donde existen riesgos, según las prioridades identificadas\nen la valoración de riesgos.","respuestas":[null,null]}}