{"principio":"1","punto":"5.17","maestra":{"pregunta":"¿La empresa cuenta con demarcación de áreas de acuerdo con los riesgos?","criterio":1,"equivalencia":"6.6,6.7,6.8,6.9","texto":"La finca debe proveer a sus trabajadores en todas las áreas de trabajo, los servicios básicos, recursos y condiciones de trabajo necesarios para cumplir los objetivos del programa de salud y seguridad ocupacional y con los requisitos de seguridad, salubridad, orden y limpieza indicados por la legislación aplicable y esta norma (6.6).           \n\nLa finca debe mantener estrictas normas de seguridad y orden en los talleres y las áreas de almacenaje con el objeto de reducir la posibilidad de accidentes (6.7). \n\na. Los pasillos y las zonas de almacenamiento en el piso de las bodegas deben estar demarcados (6.8). \n\nTodas estas áreas deben tener rótulos legibles a una distancia de 20 metros para indicar los tipos de sustancias almacenados, el peligro que representan y las medidas de precaución del área. j. Los pasillos y las áreas de almacenamiento deben estar demarcados en el piso. También debe haber un espacio libre de 30 centímetros entre la pared y los materiales almacenados (6.9)"},"informativas":{"principal":"La empresa debe demarcar los lugares, según las prioridades, identificados en la valoración de riesgos.","respuestas":[null,null]}}