{"principio":"1","punto":"5.18","maestra":{"pregunta":"¿Existe un procedimiento para atender accidentes de trabajo?","criterio":1,"equivalencia":"6.1,6.18,6.19","texto":"La finca debe implementar un programa de salud y seguridad ocupacional cuyo objetivo principal sea identificar y minimizar o eliminar los riesgos ocupacionales de los trabajadores. El programa debe contar con políticas, procedimientos, personal y recursos para cumplir con sus objetivos (6.1). \n\nDebe tener un plan que contenga acciones o procedimientos para responder a las emergencias identificadas. Todos los trabajadores deben conocer las medidas de emergencia relacionadas con sus áreas de trabajo y sus responsabilidades (6.18).\n\n La finca debe contar con equipo necesario y accesible para prevenir y responder a los diferentes tipos de emergencias dentificados en el plan de respuesta a emergencias (6.19)."},"informativas":{"principal":"La empresa debe:","respuestas":["a) Tener un procedimiento escrito para la atención de accidentes de trabajo que incluya una lista actualizada de números de teléfono correspondiente a las empresas responsables de la atención de accidentes laborales (por ejemplo: empresas prestadoras de servicio de salud, aseguradora de riesgos y servicios de ambulancia, entre otros).","b) Publicar la información sobre el procedimiento para la atención de accidentes en lugares visibles.","c) Llevar los registros de los accidentes de trabajo.\n","d) Realizar el reporte de los accidentes de trabajo a la asegu radora correspondiente.","e) Controlar que se adopten las recomendaciones emitidas durante las investigaciones de los accidentes, para evitar que se vuelvan a presentar."]}}