{"principio":"1","punto":"5.2","maestra":{"pregunta":"¿Se tiene documentado y actualizado el programa de salud y seguridad de la empresa?","criterio":1,"equivalencia":6.1,"texto":"La finca debe implementar un programa de salud y seguridad ocupacional cuyo objetivo principal sea identificar y minimizar o eliminar los riesgos ocupacionales de los trabajadores. El programa debe contar con políticas, procedimientos, personal y recursos para cumplir con sus objetivos. Debe además cumplir con la legislación nacional aplicable y con esta norma y ser conocido y comprendido por los trabajadores (6.1)."},"informativas":{"principal":"El programa de salud y seguridad debe contener:\n","respuestas":["a) Política de la gerencia que exprese el compromiso de la empre sa en la prevención de accidentes de trabajo y enfermedades profesionales en los trabajadores y contratistas o terceros.\n","b) Objetivos y metas del año de acuerdo con la priorización de riesgos o peligros y el resultado de desempeño de los indicadores de salud y seguridad.","c) Responsables y recursos.","El programa de salud y seguridad debe revisarse cada año y ser actualizado cuando haya cambios significativos en el proceso productivo (por ejemplo: nuevas labores o cambios en la realización de las actuales, o ingreso de nuevos insumos, equipos, máquinas o herramientas).\n"]}}