{"principio":"1","punto":"5.20","maestra":{"pregunta":"¿Todos los lugares de trabajo se mantienen en buen estado de orden y limpieza?","criterio":1,"equivalencia":"6.6,6.7,10.5","texto":"La finca debe proveer a sus trabajadores en todas las áreas de trabajo, los servicios básicos, recursos y condiciones de trabajo necesarios para cumplir los objetivos del programa de salud y seguridad ocupacional y con los requisitos de seguridad, salubridad, orden y limpieza indicados por la legislación aplicable y esta norma (6.6).    \n\nLa finca debe mantener estrictas normas de seguridad y orden en los talleres y las áreas de almacenaje con el objeto de reducir la posibilidad de accidentes (6.7). \n\nLa finca debe estar limpia y sin acumulaciones de desechos de ningún tipo con el objeto de mantener una imagen positiva y contribuir al bienestar de los trabajadores. La finca debe realizar actividades educativas periódicas para los trabajadores y habitantes de la finca con el objetivo de promover el aseo y prevenir la disposición indiscriminada de desechos. La finca debe posicionar recipientes para desechos en lugares estratégicos dentro de los límites de la finca y recolectar y depositar periódicamente sus contenidos (10.5)."},"informativas":{"principal":"La empresa debe:","respuestas":["a) Mantener en buenas condiciones de orden y limpieza los lugares de trabajo, áreas y vías de circulación.","b) Demostrar que los trabajadores conocen y aplican las normas o procedimientos, o instructivos de orden y limpieza en su puesto o labor de trabajo.","c) Impedir la acumulación de basuras, desperdicios y objetos o elementos inservibles en las áreas o puestos de trabajo. Se consideran aceptables los residuos generados por el trabajo diario.\n"]}}