{"principio":"1","punto":"5.21","maestra":{"pregunta":"¿Existen normas de higiene y estas son dadas a conocer a los trabajadores?","criterio":1,"equivalencia":"5.18,6.1,6.6","texto":"La finca debe implementar un programa de educación dirigido al personal administrativo y operativo (trabajadores de la finca) de la finca, así como a sus familias, el cual comprende tres áreas temáticas: los objetivos y requisitos generales de la certificación, temas ambientales y de conservación relacionados con esta norma, y los conceptos fundamentales de higiene y salud. (5.18).\n\nLa finca debe implementar un programa de salud y seguridad ocupacional cuyo objetivo principal sea identificar y minimizar o eliminar los riesgos ocupacionales de los trabajadores. El programa debe contar con políticas, procedimientos, personal y recursos para cumplir con sus objetivos (6.1). \n\nLa finca debe proveer a sus trabajadores en todas las áreas de trabajo, los servicios básicos, recursos y condiciones de trabajo necesarios para cumplir los objetivos del programa de salud y seguridad ocupacional y con los requisitos de seguridad, salubridad, orden y limpieza indicados por la legislación aplicable y esta norma (6.6)."},"informativas":{"principal":"La empresa debe:","respuestas":["a) Divulgar a los trabajadores las normas de higiene a través de avisos o señalización en lugares visibles, especialmente, comedores, baños, vestidores, parqueaderos, buses y zonas deportivas si las hay.","b) Incluir como mínimo en las normas de higiene los siguientes temas:\n"," Lavado de manos.","• Limitaciones de fumar, comer y beber en áreas de trabajo.","• Notificación de accidentes y limpieza de heridas.","• Uso de elementos de protección personal.","c) Evidenciar el cumplimiento de estas normas por parte de los trabajadores"]}}