{"principio":"1","punto":"5.22","maestra":{"pregunta":"¿¿Se garantiza la manipulación segura de los alimentos preparados en la empresa?","criterio":1,"equivalencia":6.6,"texto":"La finca debe proveer a sus trabajadores en todas las áreas de trabajo, los servicios básicos, recursos y condiciones de trabajo necesarios para cumplir los objetivos del programa de salud y seguridad ocupacional y con los requisitos de seguridad, salubridad, orden y limpieza indicados por la legislación aplicable y esta norma (6.6)"},"informativas":{"principal":"La empresa debe garantizar que se realiza una manipulación segura de los alimentos mediante:\n","respuestas":["a) Capacitación periódica a los manipuladores de alimentos.","b) Concepto de aptitud de acuerdo con los resultados de los exámenes médicos periódicos tomados en el último año.","c) Condiciones de limpieza e higiene en los sitios de preparación y almacenamiento de alimentos.\n"]}}