{"principio":"2","punto":"5.23","maestra":{"pregunta":"¿Son informados los contratistas y visitantes de los procedimientos de seguridad\ne higiene que tienen que cumplir de acuerdo con los riesgo presentes en las áreas\no labores que desempeñan?","criterio":2,"equivalencia":"o","texto":""},"informativas":{"principal":"La empresa debe:","respuestas":["a) Tener procedimientos seguros de las labores o trabajos que realizan los contratistas.","b) Comunicar por escrito a los contratistas acerca de los procedimientos de salud y seguridad que deben cumplir.","c) Demostrar la aplicación de los procedimientos de salud y seguridad por parte de los contratistas.","d) Informar a los visitantes acerca de los procedimientos de salud, seguridad e higiene que deben cumplir durante su visita a las instalaciones."]}}