{"principio":"1","punto":"5.24","maestra":{"pregunta":"¿El personal cuenta con servicios de higiene adecuados?","criterio":1,"equivalencia":6.6,"texto":"La finca debe proporcionar facilidades para propósitos de higiene humana en todos los sitios con presencia de trabajadores que se encuentren fuera del alcance de la infraestructura administrativa (6.6)."},"informativas":{"principal":"La empresa debe:","respuestas":["a) Garantizar que los servicios de higiene o unidades sanitarias estén separadas por género. (No aplica cuando se tiene menos de quince (15) trabajadores en el lugar de trabajo).","b) Realizar la dotación con papel higiénico (en la instalación o disponible para su uso).","c) Colocar recipientes para papel higiénico.","d) Tener lavamanos, jabón y elementos de secado de manos.","e) Tener un inodoro por cada quince (15) trabajadores. En el caso de hombres se puede tener un complemento entre inodoros y orinales, siempre y cuando se cumpla la proporción."]}}