{"principio":"1","punto":"5.3","maestra":{"pregunta":"¿Se tiene un comité con representantes de los trabajadores para\npromover la salud y la seguridad en los lugares de trabajo?","criterio":1,"equivalencia":6.1,"texto":"Los trabajadores deben participar en la vigilancia del cumplimiento de las políticas, procedimientos y demás actividades señaladas en el programa. Se debe establecer una comisión de salud ocupacional en fincas con diez o más trabajadores permanentes en la parte de producción y procesamiento. La finca debe contar con un procedimiento escrito para seleccionar a los miembros de la comisión y se deben registrar las reuniones y las acciones ejecutadas por la comisión (6.1)."},"informativas":{"principal":"La empresa debe:","respuestas":["a)Tener un comité en funcionamiento que esté conformado por representantes de la dirección y de los trabajadores, elegidos democráticamente.","b) Demostrar que el comité se reúne periódicamente, como mínimo una vez al mes.","c) Llevar actas o registros de las reuniones que demuestren la participación activa de los miembros del comité en temas como:"," Investigaciones de accidentes y seguimiento a los controles propuestos para promover que no vuelvan a ocurrir\n• Inspecciones periódicas (anunciadas y no anunciadas) para identificar riesgos y proponer controles\n• Capacitaciones en normas de salud, seguridad e higiene\n"]}}