{"principio":"1","punto":"5.4","maestra":{"pregunta":"¿La empresa realiza exámenes médicos de ingreso¿La empresa tiene definido por escrito a un miembro de la dirección\ncomo responsable de la salud y seguridad de los trabajadores?","criterio":1,"equivalencia":0,"texto":""},"informativas":{"principal":"La empresa debe demostrar que ha asignado las funciones y responsabilidades relacionadas con el cumplimiento y la aplicación de los procedimientos y normas en salud, seguridad e higiene en un cargo de dirección. Esto se debe evidenciar en:\n","respuestas":["a) El contrato de trabajo, el perfil del cargo o la política de salud y seguridad de la empresa.\n","b) Títulos académicos o certificados de capacitación en temas relacionados con salud y seguridad."]}}