{"principio":"2","punto":"5.5","maestra":{"pregunta":"¿La empresa realiza exámenes médicos de ingreso?","criterio":1,"equivalencia":"6.1,6.5","texto":"La finca debe implementar un programa de salud y seguridad ocupacional cuyo objetivo principal sea identificar y minimizar o eliminar los riesgos ocupacionales de los trabajadores. Debe además cumplir con la legislación nacional aplicable (programa de vigilancia epidemiologica) y con esta norma y ser conocido y comprendido por los trabajadores (6.1). \n\nEl personal que aplica o maneja agroquímicos debe someterse a un examen enfocado en los efectos potenciales de los agroquímicos que manejan, antes de iniciar tales actividades en la finca. Estos trabajadores no deben padecer de retardo mental, enfermedades crónicas, enfermedades hepáticas o renales, o presentar alguna enfermedad en las vías respiratorias superiores o inferiores; tampoco deben estar declarados mentalmente desafiados.\n\nEn fincas donde se aplican organofosforados y carbamatos, se deben realizar exámenes de colinesterasa cada seis meses o según se indica en la legislación respectiva, lo que sea más frecuente. Deberán documentarse los resultados de estos exámenes de forma tal que se pueda identificar fácilmente al trabajador examinado, la fecha del examen, su resultado y la recomendación con respecto a la aplicación de agroquímicos (6.5)."},"informativas":{"principal":"La empresa debe:","respuestas":["a) Realizar los exámenes médicos de ingreso.\n","b) Garantizar que el concepto de aptitud laboral esté firmado con el respectivo registro médico.\n","El costo de los exámenes médicos de ingreso no deberá ser asumido por el trabajador."]}}