{"principio":"1","punto":"5.7","maestra":{"pregunta":"¿La empresa registra y analiza el indicador de ausentismo laboral por salud?","criterio":1,"equivalencia":0,"texto":""},"informativas":{"principal":"La empresa debe:","respuestas":["a) En el sistema de información Florverde, registrar mensualmente el indicador de ausentismo por salud."," b) Tener análisis anual documentado de los resultados y las tendencias del indicador.","c) Establecer acciones encaminadas a la reducción del indicador de acuerdo con las posibilidades de control del mismo."]}}