{"principio":"2","punto":"5.8","maestra":{"pregunta":"¿La empresa realiza procesos de readaptación laboral o reubicación de\nlos trabajadores de acuerdo con las recomendaciones emitidas por las\naseguradoras de salud correspondientes?","criterio":2,"equivalencia":"6.4,6.5","texto":"En aquellos casos que los trabajadores se expresen sobre o presenten problemas de salud física o mental, se debe garantizar tratamiento a tiempo por personal médico que tenga la autoridad para concluir que un trabajador ya no es apto para su labor específica o necesita reubicación. La administración de la finca debe implementar acciones para evitar desordenes médicos de trabajadores causados por cosecha u otras prácticas laborales (6.4). \n\nEn fincas donde se aplican organofosforados y carbamatos, se deben realizar exámenes de colinesterasa cada seis meses o según se indica en la legislación respectiva, lo que sea más frecuente. El trabajador debe tener acceso a los resultados y se le deben asignar otras actividades si la recomendación indicara que no puede seguir aplicando estos productos (6.5)."},"informativas":{"principal":"La empresa debe:","respuestas":["a) Tener un procedimiento documentado de las actividades que realiza para el proceso de readaptación o reubicación de un trabajador, de acuerdo con las recomendaciones emitidas por las aseguradoras correspondientes y el concepto del área de salud y seguridad de la empresa."," b) Establecer actividades de seguimiento a las personas readaptadas o reubicadas laboralmente."]}}