{"principio":"1","punto":"6.1","maestra":{"pregunta":"¿Se tiene permiso de la autoridad competente para la extracción de agua?","criterio":1,"equivalencia":4.2,"texto":"Toda fuente de agua superficial o subterránea explotada por la finca para fines agrícolas, domésticos o de procesamiento, debe contar con las concesiones y los permisos respectivos otorgados por la autoridad legal o ambiental correspondiente (4.2)"},"informativas":{"principal":"La empresa debe tener disponible la resolución de concesión vigente o la solicitud radicada ante la autoridad ambiental de la jurisdicción.","respuestas":[null]}}