{"principio":"2","punto":"6.10","maestra":{"pregunta":"¿Se realiza análisis de la calidad del agua utilizada en riego?","criterio":2,"equivalencia":0,"texto":""},"informativas":{"principal":"La empresa debLa empresa debe tener resultados de análisis fisicoquímicos del agua utilizada en riego, enfocados en los riesgos potenciales de la misma sobre el cultivo. La frecuencia de los análisis debe ser definida por la empresa de acuerdo con las características del cultivo y el origen del agua empleada en riego o en fertirriego. Las muestras se deben tomar en el punto en donde se capta el agua para aplicar en riego o fertirriego.","respuestas":[null]}}