{"principio":"1","punto":"6.2","maestra":{"pregunta":"¿El personal cuenta con servicios de higiene adecuados¿La empresa suministra agua potable a sus trabajadores?","criterio":1,"equivalencia":4.1,"texto":"La finca debe ejecutar un programa de conservación de agua para fomentar el uso racional del recurso hídrico. Las actividades de este programa deben hacer el mejor uso de la tecnología y de los recursos disponibles. La finca debe registrar el caudal anual de agua aportado por estas fuentes y la cantidad de agua consumida por la finca (4.1)"},"informativas":{"principal":"La empresa debe:\n","respuestas":["a) Contar con equipos de medición o estructuras de captación instalados y operando en los lugares aprobados por la autoridad ambiental, que permitan conocer en cualquier momento la cantidad de agua extraída de la fuente subterránea o superficial.","b) Tener disponibles registros actualizados de las lecturas de los volúmenes de agua obtenidos por los equipos o estructuras de medición instalados.","Este requisito no aplica para empresas que dependen exclusivamente del agua lluvia, a no ser que la autoridad ambiental de la jurisdicción lo exija.\n"]}}