{"principio":"2","punto":"6.3","maestra":{"pregunta":"¿3","criterio":2,"equivalencia":4.3,"texto":"La finca debe determinar la cantidad de agua y la duración de la aplicación con base en información climática, la humedad disponible en el suelo y en las propiedades y características de los suelos (4.3)"},"informativas":{"principal":"La empresa debe:","respuestas":["a) Tener un procedimiento escrito que indique la forma como se calculan las necesidades de agua de riego.","b) Tener disponibles los registros con los cálculos de las necesidades de agua de riego basados en mediciones (por ejemplo: tanque tipo A, atmómetro, estación meteorológica, tensiómetros y curva de retención de humedad, métodos de radiación, lisímetros, organoléptico, volúmenes de drenajes en sustratos, etc.).","c) Demostrar que la información obtenida en dichas mediciones se utiliza en la definición de los volúmenes de agua a aplicar en riego.","Este requisito no aplica para empresas que no tienen sistemas de riego que dependen exclusivamente del agua lluvia.\n"]}}