{"principio":"2","punto":"6.4","maestra":{"pregunta":"¿Se tienen registros actualizados sobre el consumo del agua en riego?","criterio":2,"equivalencia":"4.1,4.3","texto":"La finca debe registrar el caudal anual de agua aportado por estas fuentes y la cantidad de agua consumida por la finca (4.1). \n\nLas fincas que usan riego deben utilizar mecanismos precisos para determinar y demostrar que el volumen de agua utilizado y la duración de la aplicación no producen desperdicio o aplicaciones excesivas (4.3)."},"informativas":{"principal":"La empresa debe tener disponibles registros actualizados que indiquen la fecha y los volúmenes de agua aplicada en riego y fertirriego. Los datos de los volúmenes de agua aplicada en riego y fertirriego deben ser obtenidos de medidor.\nSi la empresa trabaja con programas de riego y fertirriego, deben registrarse los volúmenes calculados de agua y los realmente usados.\n\nEste requisito no aplica para empresas que no tienen sistemas de riego y que dependen exclusivamente del agua lluvia.\n","respuestas":[null,null]}}