{"principio":"2","punto":"6.5","maestra":{"pregunta":"¿Se tiene en ejecución un plan quinquenal para la optimización del consumo de agua?\n","criterio":2,"equivalencia":"4-1","texto":"La finca debe ejecutar un programa de conservación de agua para fomentar el uso racional del recurso hídrico. Las actividades de este programa deben hacer el mejor uso de la tecnología y de los recursos disponibles. La finca debe contemplar la recirculación y reuso de aguas, el mantenimiento de las redes de distribución y la minimización del uso. La finca debe mantener un inventario de las fuentes superficiales y subterráneas en la finca que abastecen las aguas utilizadas e indicar su ubicación en un mapa. La finca debe registrar el caudal anual de agua aportado por estas fuentes y la cantidad de agua consumida por la finca (4.1)"},"informativas":{"principal":"La empresa debe tener documentado y en ejecución un plan quinquenal de ahorro y uso eficiente de agua que contenga como mínimo la siguiente información:","respuestas":["a) Diagnóstico de la oferta y demanda del recurso hídrico e identificación de los procesos productivos que se puedan optimizar para reducir pérdidas y consumos de agua.","b) Objetivos, metas y acciones a realizar para optimizar el uso del agua en las fuentes de suministro o en los procesos productivos previamente identificados.","c) Un cronograma que evidencie el cumplimiento en la ejecución de las acciones del plan quinquenal y los recursos asignados.","d) Indicadores que evidencien el cumplimiento de los objetivos y las metas propuestas.","Este requisito no aplica para empresas que dependen exclusivamente del agua lluvia, a no ser que la autoridad ambiental de la jurisdicción lo exija."]}}