{"principio":"2","punto":"6.6","maestra":{"pregunta":"¿La empresa registra y analiza el indicador de captación y de consumo de agua?","criterio":2,"equivalencia":0,"texto":""},"informativas":{"principal":"La empresa debe:","respuestas":["a) En el sistema de información Florverde, registrar mensualmente el indicador de captación de agua de fuentes superficiales o subterráneas y de consumo de agua en riego.","b) Tener análisis anual documentado de los resultados, las tendencias y causas de los niveles de captación y de consumo de agua.","c) Establecer acciones encaminadas a la reducción de la captación de agua de fuentes superficiales o subterráneas, o de consumos de agua en riego, de acuerdo con las posibilidades de control."]}}