{"principio":"1","punto":"6.6","maestra":{"pregunta":"¿Se emplean sistemas de riego eficientes para asegurar\nla mejor utilización del recurso hídrico?","criterio":1,"equivalencia":"4.1,4.3","texto":"La finca debe ejecutar un programa de conservación de agua para fomentar el uso racional del recurso hídrico. Las actividades de este programa deben hacer el mejor uso de la tecnología y de los recursos disponibles (4.1). \n\nEl sistema de riego debe contar con un buen diseño y mantenimiento para evitar desperdicios (4.3)."},"informativas":{"principal":"La empresa debe tener sistemas de riego que hagan uso racional del agua. En caso contrario debe demostrar que ha considerado su viabilidad técnica y económica, y que existe un plan para implementarlo en el futuro.\n\nEste requisito no aplica para empresas que no tienen sistemas de riego.","respuestas":[null,null,null,null,null]}}