{"principio":"1","punto":"6.8","maestra":{"pregunta":"¿Se utiliza agua lluvia en el cultivo?","criterio":1,"equivalencia":4.1,"texto":"La finca debe ejecutar un programa de conservación de agua para fomentar el uso racional del recurso hídrico. Las actividades de este programa deben hacer el mejor uso de la tecnología y de los recursos disponibles. La finca debe registrar el caudal anual de agua aportado por estas fuentes y la cantidad de agua consumida por la finca (4.1)"},"informativas":{"principal":"La empresa debe demostrar que se realiza un aprovechamiento de agua lluvia en el cultivo a través de:\n","respuestas":[".a) Infraestructura instalada que permita la captación, conducción, almacenamiento y uso de agua lluvia, además de planos coherentes con las instalaciones existentes en campo.","b) Balance hídrico que contenga los volúmenes de agua captados (de fuentes superficiales, subterráneas y lluvia) y los volúmenes de agua usados (por ejemplo: riego, poscosecha, aspersión, entre otros) que permita estimar la proporción de agua lluvia utilizada en el proceso productivo durante un periodo determinado.","En caso de no ser técnica o económicamente viable el aprovechamiento del agua lluvia, la empresa debe disponer de una justificación documentada."]}}