{"principio":"1","punto":"6.9","maestra":{"pregunta":"¿Se utiliza agua lluvia en el cultivo¿Se utilizan aguas residuales de origen urbano\no fuentes posiblemente contaminadas para riego?","criterio":1,"equivalencia":0,"texto":""},"informativas":{"principal":"La empresa debe:","respuestas":["a) Demostrar que no se utilizan aguas residuales de origen urbano sin tratar para riego o fertirrigación. En caso de utilizar aguas residuales tratadas, debe cumplir con los parámetros de calidad establecidos en la legislación nacional vigente y aplicable. Contar con análisis de laboratorio que demuestren el cumplimiento de dichos parámetros de calidad.\n","b) Si utiliza agua proveniente de fuentes posiblemente contaminadas, debe demostrar a través de análisis de laboratorio que esta cumple con los parámetros de calidad para riego exigidas en la legislación nacional vigente y aplicable."]}}