{"principio":"2","punto":"7.10","maestra":{"pregunta":"¿¿Se cuenta con registros de aplicación de fertilizantes?","criterio":2,"equivalencia":0,"texto":""},"informativas":{"principal":"La empresa debe contar con registros de aplicación de fertilizantes orgánicos e inorgánicos al suelo, a los sustratos y foliares, los cuales incluyan esta información:","respuestas":["a) Ubicación geográfica del sitio donde se realizó la aplicación (por ejemplo: nombre de la finca, nombre o número del invernadero, bloque, sección, módulo, etc.).","b) Fecha de aplicación (día/mes/año).","c) Nombre comercial del fertilizante aplicado, el tipo (por ejemplo: N-P-K) y concentración (por ejemplo: 10-30-10).\nd) Cantidad de producto aplicado (medido en peso o en volumen).","e) Maquinaria y método de aplicación de la fertilización (por ejemplo: goteo, aspersión, manual, cacho, etc.).","f) Nombres de las personas que ejecutaron la aplicación de fertilizantes."]}}