{"principio":"2","punto":"7.11","maestra":{"pregunta":"¿Se realiza análisis de la calidad de los fertilizantes\norgánicos utilizados, tendiente a evitar riesgos?","criterio":2,"equivalencia":0,"texto":""},"informativas":{"principal":"Se deben tener resultados de los análisis fisicoquímicos y microbiológicos de los fertilizantes orgánicos que se utilicen, enfocados en los riesgos potenciales sobre el cultivo, para evitar la transmisión de plagas y enfermedades, la propagación de malezas o efectos fitotóxicos por metales pesados. La información contenida en las etiquetas o fichas técnicas de los productos comerciales, se considera válida para realizar la evaluación de riesgos.","respuestas":["null","null","null","null","null"]}}