{"principio":"1","punto":"7.14","maestra":{"pregunta":"¿Los fertilizantes químicos sólidos se almacenan de manera segura?","criterio":1,"equivalencia":"6.9,6.10","texto":"Las áreas de almacenamiento y distribución de agroquímicos y sustancias inflamables y tóxicas deben ser  diseñadas, construidas y equipadas para reducir los riesgos de accidentes e impactos negativos en la salud humana y el ambiente. Estas áreas deben ser utilizadas solamente para este propósito. No se deben mantener combustibles y sustancias inflamables en las áreas de almacenamiento de agroquímicos. La finca debe asegurar que todas las condiciones cumplan ya sea con la legislación vigente o con los siguientes parámetros, según lo que sea más estricto: \n\na. Los pisos y paredes deben ser lisos y de material impermeable. \nf. Las áreas de almacenamiento deben contar con una zona de carga y descarga que contemple un sistema de recolección de derrames de sustancias. \ng. El área de almacenamiento debe tener la capacidad de almacenar el máximo volumen de producto para actividades normales de la finca. Las bodegas deben contar con un área para el almacenamiento de los recipientes vacíos. \nh. La altura mínima de las bodegas de agroquímicos debe ser de tres metros desde el piso hasta el cielo raso o techo de la bodega. \ni. Debe haber luz natural y el área abierta de ventilación permanente - ventanas, respiradores y otras formas de aperturas permanentes que proporcionan una entrada y salida libre del aire - debe ser de un mínimo del 20% del área total del piso. \nj. También debe haber un espacio libre de 30 centímetros entre la pared y los materiales almacenados. \nk. Las tarimas o estantes deben estar bien rotulados y construidos con un material no absorbente y deben aislar el producto del contacto directo con el piso. \nl. No debe haber oficinas dentro de áreas de almacenamiento, excepto si las sustancias están completamente separadas del área de oficinas y se mantiene una buena ventilación (6.9). \n\nLa finca debe almacenar solamente los volúmenes de agroquímicos necesarios para responder a sus necesidades de corto plazo.Todos los envases de agroquímicos deben mantener sus etiquetas originales (6.10)\n"},"informativas":{"principal":"La empresa debe asegurar que los fertilizantes químicos sólidos se almacenen bajo las siguientes condiciones:","respuestas":["a) En sitios cubiertos, secos, ventilados, ordenados y limpios.","b) En un lugar separado de los plaguicidas, del material vegetal, de flores o productos de cosecha. La separación debe evitar que haya contaminación cruzada entre los plaguicidas y los fertilizantes.","c) En sus empaques originales y con etiquetas de identificación legibles, donde aparezca el nombre comercial de los productos contenidos.\n","d) Colocados sobre estibas que eviten su contacto directo con el suelo o el piso."]}}
