{"principio":"2","punto":"7.16","maestra":{"pregunta":"Los fertilizantes orgánicos se almacenan de manera segura?","criterio":2,"equivalencia":6.11,"texto":"La finca debe demostrar que la ubicación de las áreas de almacenamiento de agroquímicos y combustibles cumple con la legislación vigente. En ausencia de legislación, y si el diseño, la construcción y el manejo de esta infraestructura no cumplieran con algunos o todos los requisitos indicados en los Criterios 6.7 a 6.10 inclusive, se deben mantener las siguientes distancias de separación con relación a las áreas de almacenamiento: \n\na. A 60 metros de las edificaciones ocupadas o usadas diariamente por personas (viviendas, centros de salud, escuelas, zonas recreativas, oficinas). \nb. A 100 metros de caminos públicos. \nc. A 120 metros de ríos, quebradas y lagunas.\nd. A 200 metros de pozos y nacientes de agua para consumo humano. \ne. Para bodegas de agroquímicos, por lo menos a 50 metros de tanques de almacenamiento de combustibles (6.11)\n"},"informativas":{"principal":"Los fertilizantes orgánicos deben almacenarse en una zona designada y deben tomarse medidas que garanticen que no se contaminan cuerpos naturales de agua. En caso contrario, deben estar ubicados a una distancia permitida por la autoridad ambiental de la jurisdicción, con relación a los cuerpos naturales de agua.","respuestas":["null"]}}