{"principio":"2","punto":"7.17","maestra":{"pregunta":"¿Se tiene información disponible sobre el consumo\ny la composición química de los fertilizantes usados?","criterio":2,"equivalencia":"6.2,6.10","texto":"Se debe mantener un inventario actualizado de los materiales y almacenar únicamente las cantidades necesarias para garantizar la continuidad de las labores de la finca (6.7). \n\nSe debe mantener una “Hoja de Seguridad” (MSDS - Material Safety Data Sheet) en la bodega para cada uno de los productos químicos almacenados (6.10)"},"informativas":{"principal":"La empresa debe:","respuestas":[") Tener un inventario actualizado de fertilizantes que indique los nombres y cantidades de los productos adquiridos, los consumidos y los disponibles en el almacén.","b) Tener disponibles las etiquetas, las fichas técnicas u otra información suministrada por los proveedores de los productos, que permita conocer los contenidos químicos de los fertilizantes aplicados en cultivo durante los últimos doce (12) meses."]}}