{"principio":"3","punto":"7.2","maestra":{"pregunta":"¿En cultivos sin suelo se tiene control sobre los lixiviados evitando\nque drenen al suelo o hacia cuerpos naturales de agua?","criterio":2,"equivalencia":4.5,"texto":"La finca no debe descargar o depositar aguas residuales industriales o domésticas en ecosistemas acuáticos sin demostrar que las aguas vertidas cumplen con los requisitos legales respectivos, y que sus características físicas y bioquímicas no degradan la calidad del cuerpo receptor de agua. Se prohíbe mezclar aguas residuales con aguas no contaminadas para el vertido de aguas residuales al ambiente (Decreto 1594 de 1984 y Decreto 3930 de 2010) (4.5 - crítico)"},"informativas":{"principal":"La empresa debe:","respuestas":["a) Tener instalados sistemas de recolección y almacenamiento de lixiviados","b) Disponer de métodos apropiados para la utilización de los lixiviados dentro o fuera de la finca, de manera que no se contaminen el suelo ni los cuerpos naturales de agua."]}}