{"principio":"3","punto":"7.4","maestra":{"pregunta":"¿Se hace reutilización de sustratos¿Se tienen identificados los tipos de suelo correspondientes al área del cultivo?","criterio":2,"equivalencia":9.1,"texto":"La finca debe ejecutar un programa de prevención y control de erosión de suelos que minimiza los riesgos de erosión y reduce la erosión actual. Las actividades del programa deben estar basadas en la identificación de las tierras afectadas o susceptibles a la erosión y en las propiedades y características de los suelos, las condiciones climáticas, la topografía y prácticas agrícolas del cultivo (9.1)"},"informativas":{"principal":"La empresa debeLa empresa debe tener identificados y documentados los tipos de suelo que tiene el área del cultivo, basados en el perfil, en análisis físicos o en un mapa cartográfico local o regional.\n\nEste requisito no aplica para cultivos en sustrato.","respuestas":[null]}}