{"principio":"2","punto":"7.5","maestra":{"pregunta":"¿La empresa utiliza técnicas de cultivo encaminadas\na reducir la posible  erosión del suelo?","criterio":2,"equivalencia":"9.1,9.3","texto":"La finca debe ejecutar un programa de prevención y control de erosión de suelos que minimiza los riesgos de erosión y reduce la erosión actual. Se debe poner especial énfasis en controlar escurrimiento y erosión por viento de suelos recién arados o sembrados, así como en prevenir la sedimentación de cuerpos de agua. La finca debe usar y expandir coberturas verdes de vegetación en los taludes y fondos de los canales de drenaje para reducir la erosión y la deriva y el escurrimiento de agroquímicos hacia el agua (9.1). \n\nLa finca debe usar y expandir el uso de coberturas verdes de vegetación para reducir la erosión y mejorar la fertilidad, estructura y contenido de materia orgánica de los suelos, así como para minimizar el uso de herbicidas. Se debe contar con un plan de establecimiento y expansión de coberturas verdes en el cual se indiquen las áreas con cobertura actual existente, así como las áreas donde se establecerá cobertura en el futuro. La finca debe contar con un cronograma para estas actividades (9.3)"},"informativas":{"principal":"La empresa debe demostrar que ha ejecutado o tiene en ejecución técnicas apropiadas de conservación de suelos para reducir la erosión; (por ejemplo: siembra en contra de la pendiente, corrección de drenajes, cubrimiento o manejo de la pendiente en canales de conducción de aguas lluvias, conservación de taludes, siembra de coberturas vegetales o uso de fertilizantes orgánicos, reforestación en la periferia de las áreas cultivadas, entre otras).","respuestas":[null]}}