{"principio":"2","punto":"7.6","maestra":{"pregunta":"¿Se han utilizado técnicas para mejorar o mantener la estructura del suelo?","criterio":2,"equivalencia":"9.3,9.4","texto":"La finca debe usar y expandir el uso de coberturas verdes de vegetación para reducir la erosión y mejorar la fertilidad, estructura y contenido de materia orgánica de los suelos, así como para minimizar el uso de herbicidas (9.3). \n\nLa finca debe promover el uso de áreas de descanso con vegetación natural o sembrada con  el objetivo de recuperar la fertilidad natural de los suelos, así como para romper los ciclos de plagas presentes. La finca debe contar con un plan que indique los mecanismos o prácticas de descanso (siembra, regeneración natural, etc.) y los tiempos. Estas áreas deben estar identificadas en el campo y en un mapa de la finca. No se permite la quema para preparar los terrenos (9.4)"},"informativas":{"principal":"La empresa debe:","respuestas":["a) Demostrar que aplica técnicas adecuadas de preparación del suelo, a fin de mantener o mejorar su estructura y propiedades físicas, y evitar su compactación.\n","b) Garantizar que no se utiliza la quema abierta de residuos vegetales para la preparación de suelos.\nEste requisito no aplica para cultivos en sustrato."]}}