{"principio":"2","punto":"7.7","maestra":{"pregunta":"¿La aplicación de fertilizantes se realiza según las necesidades\nespecíficas del cultivo y las condiciones del suelo?","criterio":2,"equivalencia":9.2,"texto":"La finca debe tener un programa de fertilización de suelos o cultivos fundamentado en las características y propiedades de los suelos, el muestreo y análisis periódicos de suelos o follaje. El número de muestras de suelos o de follaje debe corresponder al tamaño del área de producción, los tipos de suelos, y sus variaciones en sus propiedades, así como los resultados de análisis anteriores. El productor debe mantener en la finca los resultados de estos análisis por un período de dos años. Los fertilizantes orgánicos o inorgánicos deben aplicarse de tal manera que se eviten impactos negativos potenciales en el ambiente. La finca debe dar prioridad a la fertilización orgánica utilizando los residuos orgánicos generados en la finca (9.2)"},"informativas":{"principal":"La empresa debe:","respuestas":["a) Disponer de resultados de los análisis de suelos o foliares, entre otros, que sean utilizados para definir las fórmulas de fertilización del cultivo.","b) Considerar los aportes de nutrientes que pueda tener el agua utilizada en riego, así como los que pueda tener la materia orgánica aplicada en cultivo (compost, caldos microbiales, ácidos húmicos, entre otros), para la definición de la fórmula de fertilización a partir de resultados de análisis."]}}