{"principio":"2","punto":"7.8","maestra":{"pregunta":"¿Se realiza control de la fertilización a través de monitoreos rutinarios?","criterio":2,"equivalencia":0,"texto":""},"informativas":{"principal":"La empresa debe:","respuestas":["a) Disponer de registros de los resultados de los monitoreos ruti- narios en la solución nutritiva, o en el suelo, o en el drenaje en cultivos en sustrato (por ejemplo: pH, CE, NO3, entre otros).","b) Demostrar que los resultados de los monitoreos son utilizados para controlar la ejecución de la fertilización."]}}