{"principio":"2","punto":"7.9","maestra":{"pregunta":"¿Los programas de fertilización han sido elaborados\npor personal capacitado y  competente?","criterio":2,"equivalencia":9.2,"texto":"La finca debe tener un programa de fertilización de suelos o cultivos fundamentado en las características y propiedades de los suelos, el muestreo y análisis periódicos de suelos o follaje y la asesoría de una autoridad o profesional competente e imparcial en la materia (9.2)"},"informativas":{"principal":"La empresa debe estar en capacidad de demostrar que los técnicos o asesores responsables de realizar las programaciones de fertilización son personas que cuentan con la formación académica, el entrenamiento y la experiencia para hacer las estimaciones de cantidad y tipo de fertilizantes a aplicar.","respuestas":[null]}}