{"principio":"1","punto":"8.1","maestra":{"pregunta":"¿La empresa cumple las regulaciones fitosanitarias vigentes?","criterio":1,"equivalencia":0,"texto":""},"informativas":{"principal":"Las empresas importadoras, propagadoras, cultivadoras o productoras, salas de poscosecha, comercializadoras o exportado- ras de plantas ornamentales, material vegetal de propagación, flor de corte o follaje, deben:\n","respuestas":["a) Tener registro vigente ante la autoridad nacional competente para el desarrollo de la actividad correspondiente.\n","b) Contar con un archivo organizado y actualizado de los registros oficiales correspondientes, de todos sus proveedores de material vegetal.","c) Contar con un archivo organizado y actualizado de las constancias fitosanitarias, que llegan respaldando los pedidos de material vegetal a sus proveedores, así como de las que salen de la empresa respaldando los despachos.","d) Contar con registros que demuestren el cumplimiento del monitoreo y planes de contingencia contra plagas y enfermedades de importancia económica o cuarentenaria, definidos por la autoridad nacional competente.","e) Tener disponibles los informes realizados por la autoridad fitosanitaria nacional competente durante sus visitas de inspección y seguimiento.","f) Demostrar que se tienen acciones correctivas ejecutadas o en ejecución para las irregularidades reportadas en los registros de las visitas."]}}