{"principio":"2","punto":"8.10","maestra":{"pregunta":"¿La persona responsable del MIP cuenta con criterios\ntécnicos para elegir los plaguicidas a utilizar?","criterio":2,"equivalencia":"8.1,8.2","texto":"La finca debe ejecutar un programa de manejo integrado de plagas, fundamentado en principios ecológicos de control de poblaciones de plagas dañinas (insectos, plantas, animales y microbios). Este programa debe otorgar prioridad al uso de controles físicos, mecánicos, culturales y biológicos y al menor uso posible de agroquímicos (8.1).\n\nLa finca debe demostrar, mediante inventarios y registros comparativos de uso de agroquímicos, que realiza la rotación y reducción del uso de productos químicos en la producción de cultivos (8.2). "},"informativas":{"principal":"En cualquiera de las etapas del proceso productivo (desinfección de suelos o sustratos, tratamiento de semillas, propagación, producción o poscosecha), la empresa debe:","respuestas":["a) Demostrar que se han considerado alternativas diferentes antes de utilizar la desinfección química para la esterilización de suelos y sustratos (por ejemplo: uso de vapor de agua, solarización, entre otras).\n","b) Cuando el nivel de plaga requiera repetidas aplicaciones de plaguicidas sobre el cultivo, debe haber evidencia de que se siguen las recomendaciones de la etiqueta de los productos para evitar la presión de selección sobre la plaga y la apari- ción de resistencia de la misma hacia los plaguicidas. En tal caso, se deben tener registros disponibles que evidencien la rotación de modos de acción de los plaguicidas por cada plaga, por cada cultivo. Este criterio no aplica para plaguicidas utilizados en poscosecha.\n","c) Contar con documentos que indiquen las solicitudes de los clientes restringiendo el uso de ciertos plaguicidas en los países de destino de la producción, en caso de que estas se hayan presentado."]}}