{"principio":"2","punto":"8.11","maestra":{"pregunta":"¿La empresa ha reducido el consumo de plaguicidas de mayor toxicidad?","criterio":2,"equivalencia":8.5,"texto":"La finca debe ejecutar un plan para reducir el uso de ingredientes activos de grado técnico Clase Ia y Ib según la clasificación de la Organización Mundial de la Salud (OMS), y reducir el uso de ingredientes activos de grado técnico Clase II según la clasificación de la Organización Mundial de la Salud (OMS) (ver Anexo 3). \n\nLas fincas que usan estos productos deben demostrar lo siguiente: \n\na. No existen alternativas técnica- o económicamente viables para el tipo de infestación. \nb. La infestación con la plaga ha tenido o habría tenido consecuencias económicas significativas que sobrepasan el umbral económico de daños. \nc. Medidas deben ser tomadas para sustituir ingredientes activos de grado técnico Clase Ia, Ib y II según la clasificación de la Organización Mundial de la Salud (OMS) (8.5)"},"informativas":{"principal":"La empresa debe demostrar mediante indicadores cuantitativos, que ha hecho reducción del consumo de plaguicidas de las categorías toxicológicas I y II (Ia y Ib según clasificación de la Organización Mundial de la Salud, OMS.","respuestas":["",""]}}