{"principio":"1","punto":"8.14","maestra":{"pregunta":"¿La empresa adopta diferentes estrategias de MIP, \npara no depender solamente del control químico?","criterio":1,"equivalencia":"8.1,8.9","texto":"La finca debe ejecutar un programa de manejo integrado de plagas, fundamentado en principios ecológicos de control de poblaciones de plagas dañinas (insectos, plantas, animales y microbios). Este programa debe otorgar prioridad al uso de controles físicos, mecánicos, culturales y biológicos y al menor uso posible de agroquímicos (8.1). \n\nSolamente se permite utilizar el fuego para el manejo de plagas y enfermedades, si es la opción con el menor impacto ambiental en comparación con otras medidas de control de plagas. Esta opción debe enfocarse únicamente en áreas afectadas, ser aprobada por autoridades competentes y reflejar consideraciones técnicas (8.9)."},"informativas":{"principal":"La empresa debe:","respuestas":["a) Evidenciar que tiene implementada al menos una estrategia de prevención que reduzca la necesidad de aplicar medidas de intervención (por ejemplo: limpieza y desinfección de herramientas, cambio de cubiertas plásticas en invernaderos, mejoras en la ventilación, uso de barreras físicas o biológicas alrededor del cultivo, manejo de la humedad del suelo, rotación de cultivos, uso de variedades resistentes/ tolerantes a plagas y enfermedades, entre otras).\n","b) Evidenciar que tiene implementada al menos una estrategia de intervención o control diferente al químico (por ejemplo: uso de cintas trampa, aspiradoras, trampas de luz, lavados con agua, controladores biológicos, atrayentes o repelentes de insectos, erradicación manual de material vegetal afectado por plagas en cultivo, flameo o quema controlada de material vegetal contaminado y atacado por plagas, entre otras)."]}}