{"principio":"2","punto":"8.17","maestra":{"pregunta":"¿Se realizan controles médicos al personal que manipula o aplica plaguicidas?","criterio":2,"equivalencia":"6.4,6.5","texto":"Aquellos trabajadores que realizan actividades identificadas por el programa de salud y seguridad ocupacional como peligrosas o de riesgo para la salud física, o aquellos que requieren de habilidades especiales tales como el manejo y aplicación de agroquímicos, deben recibir por lo menos anualmente una revisión médica que garantice su capacidad física y mental para estas labores. Los trabajadores deben tener acceso a los resultados de sus exámenes médicos (6.4). \n\nEl personal que aplica o maneja agroquímicos debe someterse a un examen enfocado en los efectos potenciales de los agroquímicos que manejan, antes de iniciar tales actividades en la finca. En fincas donde se aplican organofosforados y carbamatos, se deben realizar exámenes de colinesterasa cada seis meses o según se indica en la legislación respectiva, lo que sea más frecuente. Deberán documentarse los resultados de estos exámenes de forma tal que se pueda identificar fácilmente al trabajador examinado, la fecha del examen, su resultado y la recomendación con respecto a la aplicación de agroquímicos. El trabajador debe tener acceso a los resultados y se le deben asignar otras actividades si la recomendación indicara que no puede seguir aplicando estos productos (6.5)."},"informativas":{"principal":"La empresa debe disponer de::","respuestas":["a) Registros de controles médicos y pruebas de laboratorio hechos al personal que manipula o aplica, realizados antes y al finalizar el periodo de rotación que la empresa tenga definido. Los exámenes y pruebas de laboratorio serán de acuerdo con los plaguicidas a los que está expuesto el trabajador y con la disponibilidad de dichas pruebas en el país.","b) Certificados de aptitud medica para realizar la labor con plaguicidas. Estos resultados deben ser dados a conocer al trabajador."]}}