{"principio":"1","punto":"8.18","maestra":{"pregunta":"¿El personal que manipula o aplica plaguicidas ha sido dota- do de los EPP?","criterio":1,"equivalencia":6.13,"texto":"Todos los trabajadores que aplican, manipulan o tienen contacto con agroquímicos, incluso los que lavan la ropa o el equipo que ha estado expuesto a agroquímicos, deben usar equipo de protección personal. La finca debe suministrar equipo de protección personal en buen estado e incentivar su uso entre los trabajadores. El equipo debe reducir el contacto con agroquímicos y la posibilidad de intoxicaciones agudas o crónicas y cumplir con lo más estricto de: \n\na) los requisitos indicados en las hojas de seguridad (MSDS – Material Safety Data Sheets) del producto, \nb) la legislación vigente o \nc) el equipo indicado en el Anexo 2 (6.13 - criterio crítico)\n\nUn supervisor debe revisar, por lo menos cada tres horas, a todos los trabajadores que aplican agroquímicos de las categorías Ia, Ib y II de la Organización Mundial de Salud (ver Anexo 3). Ningún trabajador debe aplicar agroquímicos por más de un total de seis horas diarias, con el fin de limitar su exposición a agroquímicos y minimizar el riesgo de accidentes."},"informativas":{"principal":"La empresa debe:","respuestas":["a) Demostrar que en campo, toda persona involucrada en el uso y manejo de plaguicidas en cualquiera de las etapas del proceso productivo (desinfección de suelos o sustratos, tratamiento de semillas, propagación, producción, poscosecha) se encuentra dotada con EPP en buen estado y haciendo uso correcto de los mismos, de acuerdo con las recomendaciones descritas en las hojas de seguridad y etiquetas de los plaguicidas que estén siendo utilizados.","b) Disponer de registros que evidencien el seguimiento al estado de los EPP y demostrar que se cambian oportunamente."]}}