{"principio":"2","punto":"8.19","maestra":{"pregunta":"¿Durante las aplicaciones de plaguicidas se respetan\nunas franjas mínimas de seguridad?","criterio":2,"equivalencia":"2.6,2.7","texto":"Se deben proteger los ecosistemas acuáticos de la erosión, la deriva y el escurrimiento de agroquímicos hacia el agua mediante el establecimiento de zonas de protección en las riberas de ríos, arroyos o quebradas permanentes y temporales, lagos, humedales y en las orillas de otros ecosistemas acuáticos. \n\nSe deben respetar las distancias entre áreas de producción y ecosistemas acuáticos definidas en el Anexo 1 (2.6). \n\nLa finca debe establecer y mantener barreras de vegetación entre el cultivo y las áreas de actividad humana dentro de la finca, así como entre las áreas de producción y las orillas de los caminos públicos que atraviesan o circundan la finca. Estas barreras deben consistir en vegetación nativa permanente con árboles, arbustos u otros tipos de plantas, con el fin de fomentar la biodiversidad, minimizar cualquier impacto visual negativo y reducir la deriva de agroquímicos, polvo y otras sustancias procedentes de las actividades agrícolas o de procesamiento. Se deben respetar las distancias entre áreas de producción y áreas de actividad humana definidas en Anexo 1 (2.7)."},"informativas":{"principal":"La empresa debe:","respuestas":["a) Respetar una franja mínima de seguridad de diez metros entre áreas en aplicación de plaguicidas y cuerpos naturales de agua, vías de circulación o lugares donde haya presencia de personas.\n","b) Cuando la distancia entre las áreas en aplicación y los lugares donde haya circulación o presencia de personas sea inferior a los diez metros, la empresa debe contar con barreras físicas o biológicas, o procedimientos que restrinjan la circulación de personas para evitar su exposición a las derivas de aplicación.","Este requisito no aplica para aplicación de plaguicidas en inmersión.\n"]}}