{"principio":"2","punto":"8.2","maestra":{"pregunta":"¿La empresa cuenta con medidas para el control de insectos, roedores y aves?","criterio":2,"equivalencia":0,"texto":""},"informativas":{"principal":"La empresa debe demostrar que tiene medidas para el control de insectos, roedores y aves en los siguientes lugares, según aplique:\n","respuestas":["a) Almacenes de material de empaque de producto cosechado y áreas de armado de cajas.","b) Áreas de clasificación y empaque de material vegetal cosechado.","c) Cocinas, comedores, vestidores y servicios sanitarios.","d) Centros de acopio de residuos no aprovechables"]}}