{"principio":"2","punto":"8.21","maestra":{"pregunta":"¿La empresa cuenta con procedimientos y recursos para\nla atención de emergencias con plaguicidas?","criterio":2,"equivalencia":"6.10,6.18,6.19","texto":""},"informativas":{"principal":"La empresa debe:","respuestas":[") Tener disponibles las hojas de seguridad de todos los plaguicidas que se utilizan en la empresa, ubicadas en un lugar de fácil acceso, para ser utilizadas en caso de emergencia.","b) Tener procedimientos claros de primeros auxilios, visibles y accesibles al personal, así como utensilios y recursos suficientes para atender cualquier tipo de emergencias (fuente de agua limpia disponible para lavado de ojos o cualquier parte contaminada del cuerpo), que se encuentren ubicados a no más de diez metros del almacén y estaciones fijas de preparación de mezclas. Los procedimientos deben incluir números de teléfono de emergencia. Debe haber botiquín de primeros auxilios accesible para atender emergencias.","c) Tener procedimientos claros para el manejo de derrames, visibles y accesibles al personal, así como utensilios de emergencia, ubicados cerca del almacén y de las estaciones fijas de preparación de mezclas."]}}