{"principio":"1","punto":"8.24","maestra":{"pregunta":"¿La medición y mezcla de las cantidades de plaguicidas a ser utilizados, \nse hacen con la ayuda de equipos y utensilios confiables?","criterio":1,"equivalencia":8.3,"texto":"La finca debe implementar los procedimientos y tener el equipo necesario para hacer la mezcla y la aplicación de agroquímicos, así como el mantenimiento, la calibración y la reparación del equipo de aplicación, con el fin de reducir al mínimo el desperdicio y la aplicación excesiva (8.3)"},"informativas":{"principal":"Cualquiera que sea el lugar en la empresa donde se realice la medición y mezcla de las cantidades de plaguicidas a ser utilizadas (almacén o estaciones fijas de preparación de mezclas), debe disponer como mínimo de:","respuestas":["a) Mesa de pesajes hecha en material no absorbente, resistente y firme al piso.","b) Equipos (ejemplo: balanzas) y utensilios (ejemplo: probetas) de medición confiables, para hacer las mediciones de productos sólidos y líquidos.","c) Los equipos de medición deben haber sido verificados y ajustados internamente por la empresa con una vigencia inferior a doce (12) meses. Disponer de registros que así lo evidencien.","d) Tanques de preparación de mezclas claramente aforados o cualquier método que permita determinar con precisión los volúmenes a preparar.","e) Tanques de preparación de mezclas y equipos de aplicación de herbicidas claramente identificados, para evitar que pueda ocurrir contaminación "]}}