{"principio":"2","punto":"8.25","maestra":{"pregunta":"¿El reenvase de plaguicidas se hace bajo condiciones adecuadas?","criterio":2,"equivalencia":"","texto":""},"informativas":{"principal":"En caso de que la empresa reenvase plaguicidas, debe hacerlo bajo las siguientes condiciones:","respuestas":["a) Utilizar recipientes nuevos o reutilizar envases/empaques de plaguicidas, destinados exclusivamente al reenvase/ reempaque de estos productos.","b) Los plaguicidas reenvasados/reempacados deben ser identificados mediante una marca o etiqueta, que contenga como mínimo la siguiente información:\n\n• Nombre comercial del producto.\n• Cantidad medida en gramos o centímetros cúbicos.\n• Categoría toxicológica.\n• Fecha de reenvase/reempaque.\n• Destino (por ejemplo: bloque, sección o invernadero).\n","c) No se deben utilizar bolsas plásticas diferentes a las originales de los productos, para reempacar plaguicidas.","d) No se deben utilizar envases o empaques de alimentos, bebidas u otras sustancias, para empacar plaguicidas."]}}