{"principio":"2","punto":"8.26","maestra":{"pregunta":"¿El transporte interno de plaguicidas entre los lugares de almacenamiento\ny los de preparación de mezclas, se hace de manera segura?","criterio":2,"equivalencia":6.12,"texto":"La finca debe tomar medidas permanentes para reducir el riesgo de accidentes y derrames de sustancias químicas durante su transporte hacia y dentro de la finca. Los vehículos que transportan químicos deben estar en buen estado, legalmente inscritos y contar con pólizas de seguros para el tipo de servicio que prestan. Las personas encargadas de transportar agroquímicos deben demostrar que saben cómo transportar y manipular las sustancias de manera segura.Todos los agroquímicos deben ser transportados hacia las fincas en sus recipientes originales acompañados de una copia de la información de seguridad (MSDS). La finca debe transportar a las áreas de producción solo las cantidades de agroquímicos necesarias para las labores del día en recipientes plásticos debidamente etiquetados que se devuelven a la bodega después de usarse. Los equipos móviles de aplicación de agroquímicos deben transportarse vacíos hasta el área de aplicación (6.12)"},"informativas":{"principal":"La empresa debe asegurar que el transporte de plaguicidas entre los lugares de almacenamiento y los de preparación de mezclas, se haga dentro de recipientes señalizados y cerrados que puedan garantizar la contención de posibles derrames.","respuestas":[null]}}