{"principio":"2","punto":"8.27","maestra":{"pregunta":"¿Las estaciones fijas de preparación de mezclas, cumplen con condiciones adecuadas?","criterio":2,"equivalencia":0,"texto":""},"informativas":{"principal":"Las estaciones o lugares fijos de preparación de mezclas en la empresa deben:","respuestas":["a) Estar construidas en material de estructura sólida paredes en ladrillo o mallas de cerramiento y piso en cemento.","b) Estar dotadas con puerta que se pueda cerrar con candado o cerradura y que el acceso esté autorizado a personal capacitado en el manejo seguro de plaguicidas.","c) Deben disponer de señalización cerca o sobre las puertas de acceso.","d) Disponer de ventilación preferiblemente natural, suficiente y permanente.","e) Disponer de suficiente iluminación natural o artificial.\n",") No deben existir sifones en el piso y estar dotados de estructuras de confinamiento sin infiltraciones alrededor de los tanques de mezcla, con capacidad para retener el 10% más del mayor volumen usualmente preparado.\n"]}}