{"principio":"2","punto":"8.28","maestra":{"pregunta":"¿La preparación de mezclas  y la aplicación de plaguicidas\nse realizan de acuerdo con las instrucciones de uso de las etiquetas?","criterio":2,"equivalencia":8.3,"texto":"La finca debe implementar los procedimientos y tener el equipo necesario para hacer la mezcla y la aplicación de agroquímicos. La finca debe designar a las personas responsables para que reciban capacitación periódica para ejecutar estos procedimientos (8.3)"},"informativas":{"principal":"El procedimiento para la preparación de mezclas y los métodos de aplicación de los plaguicidas se deben realizar de acuerdo con las instrucciones de uso descritas en las etiquetas de los productos. Cualquier cambio en las instrucciones de uso de los plaguicidas debe ser justificado mediante comunicación escrita dada por los fabricantes.","respuestas":[null]}}