{"principio":"2","punto":"8.29","maestra":{"pregunta":"¿Se realiza aforo y cambio de las boquillas de aspersión de plaguicidas?\n","criterio":2,"equivalencia":8.3,"texto":"La finca debe implementar los procedimientos para el mantenimiento, la calibración y la reparación del equipo de aplicación, con el fin de reducir al mínimo el desperdicio y la aplicación excesiva (8.3)."},"informativas":{"principal":"La empresa debe disponer de registros que evidencien el aforo y el cambio de las boquillas de aspersión de plaguicidas, hechos con una frecuencia acorde con la vida útil de las mismas y por quienes demuestren su competencia para hacerlo.","respuestas":[null]}}