{"principio":"1","punto":"8.30","maestra":{"pregunta":"¿Después de manipular o aplicar plaguicidas, los EPP son lavados en un sitio adecuado?","criterio":1,"equivalencia":"6.7,6.16,6.17","texto":"Los materiales deben guardarse de manera separada según sus características. No se debe almacenar equipo de protección personal junto con sustancias químicas (6.7). \n\nDeben existir áreas exclusivas y separadas para el lavado del equipo de protección personal y para el lavado de los equipos de aplicación (6.16).\n\nPor ningún motivo se permite lavar la ropa utilizada en las aplicaciones de agroquímicos en las casas de los trabajadores. Debe existir un área cercana a los vestidores para el lavado de la ropa utilizada durante la aplicación de agroquímicos. Se deben establecer procedimientos de manejo y seguridad para el traslado o transporte de la ropa contaminada desde el área de duchas hasta la lavandería (6.17)."},"informativas":{"principal":"La empresa debe:","respuestas":["a) Asegurar que todo EPP es limpiado o lavado con agua después de haber manipulado o aplicado plaguicidas.","b) Tener instalaciones adecuadas con pisos y paredes construidos en material compacto y resistente, de fácil limpieza, destinadas al lavado, secado y guardado de los EPP y ropas de trabajo.","c) Disponer de lavaderos suficientes y cómodos para garantizar la limpieza de todos los EPP utilizados por el personal.\n","d) Disponer de tendederos y secaderos suficientes para las ropas y EPP limpios.","e) Disponer de lugares con ventilación suficiente para facilitar el secado de ropas y EPP.","f) Garantizar que los EPP se guardan aparte de lugares donde se almacenen, mezclen o apliquen plaguicidas, así como de los equipos y herramientas de aplicación de plaguicidas.\n","g) Garantizar que ningún EPP sea sacado de la empresa, para ser lavado en las casas de los trabajadores."]}}