{"principio":"1","punto":"8.31","maestra":{"pregunta":"¿El personal que manipula o aplica plaguicidas se baña\nen un sitio adecuado al finalizar la labor?","criterio":1,"equivalencia":6.16,"texto":"Los materiales deben guardarse de manera separada según sus características. No se debe almacenar equipo de protección personal junto con sustancias químicas (6.7). \n\nDeben existir áreas exclusivas y separadas para el lavado del equipo de protección personal y para el lavado de los equipos de aplicación (6.16).\n\nPor ningún motivo se permite lavar la ropa utilizada en las aplicaciones de agroquímicos en las casas de los trabajadores. Debe existir un área cercana a los vestidores para el lavado de la ropa utilizada durante la aplicación de agroquímicos. Se deben establecer procedimientos de manejo y seguridad para el traslado o transporte de la ropa contaminada desde el área de duchas hasta la lavandería (6.17)."},"informativas":{"principal":"La empresa debe:","respuestas":["a) Asegurar que toda persona se bañe después de haber manipulado o aplicado plaguicidas.","b) Disponer de instalaciones para el baño del personal, con pisos y paredes construidos en material compacto, resistente, impermeable y de fácil limpieza.","c) Contar con duchas suficientes y dotadas de agua potable y caliente (en regiones donde la temperatura ambiente es inferior de 18 ºC).","d) Suministrar jabón, toalla y chancletas al personal.","e) Asegurar que después del baño el personal se cambia de ropa. Para esto debe disponer de vestidores cómodos y casilleros dobles por cada trabajador, para guardar la ropa de calle aparte de la ropa de trabajo con plaguicidas.\n"]}}