{"principio":"1","punto":"8.4","maestra":{"pregunta":"¿La empresa cumple con requerimientos legales al elegir y utilizar los plaguicidas?","criterio":1,"equivalencia":"8.2,8.4","texto":"El inventario de agroquímicos en la finca debe incluir, como mínimo, el nombre comercial y genérico del producto, la\ncantidad comprada y la fecha de compra. Para las aplicaciones en campo, la finca debe registrar la siguiente información: \n\na. Productos aplicados y las fechas de aplicación. \nh. La finca debe mantener el registro de aplicaciones por un período de cinco años. Se debe resumir y analizar la información del registro para poder determinar la tendencia de aplicación de productos específicos durante los últimos cinco años (8.2). \n\nNo se permite el uso de las siguientes sustancias químicas o biológicas en fincas certificadas: \n\na. Sustancias biológicas u orgánicas no registradas legalmente en el país para uso comercial. \nb. Agroquímicos que no estén registrados legalmente en el país (8.4 - criterio crítico).\n"},"informativas":{"principal":"En cualquiera de las etapas del proceso productivo donde se utilicen plaguicidas la empresa debe:\n","respuestas":["a) Solo adquirir y utilizar plaguicidas químicos y bioinsumos con registro oficial vigente, otorgado por la autoridad nacional competente.","b) Tener disponible un listado actualizado con los nombres comerciales y de ingrediente activo o componente biológico de todos los plaguicidas químicos y bioinsumos, que han sido aplicados en los últimos doce meses."]}} 