{"principio":"1","punto":"8.7","maestra":{"pregunta":"¿La empresa utiliza plaguicidas prohibidos?","criterio":1,"equivalencia":8.4,"texto":"No se permite el uso de las siguientes sustancias químicas o biológicas en fincas certificadas: \n\na. Sustancias biológicas u orgánicas no registradas legalmente en el país para uso comercial. \nb. Agroquímicos que no estén registrados legalmente en el país. \nc. Agroquímicos mencionados en la lista de plaguicidas prohibidos y severamente restringidos en los Estados Unidos de América por la Agencia de Protección Ambiental (EPA) y plaguicidas prohibidos y severamente restringidos por la Unión Europea. \nd. Sustancias que han sido prohibidas mundialmente bajo el Convenio de Estocolmo sobre Contaminantes Orgánicos Persistentes (POP). \ne. Sustancias incluidas en el Anexo III del Convenio de Rotterdam por el programa de Consentimiento Fundamentado Previo (PIC), en relación con prohibiciones nacionales o restricciones severas por razones ambientales o de salud documentadas en por lo menos dos regiones del mundo. \nf. Todas las sustancias del listado de la Docena Sucia de la Red de Acción de Plaguicidas (“Pesticide Action Network”). Lista de Plaguicidas Prohibidos – Red de Agricultura Sostenible es vinculante para los incisos 8.4.b, 8.4.c, 8.4.d, 8.4.e y 8.4.f (8.4 - criterio crítico). "},"informativas":{"principal":"¿Se eligen los plaguicidas según el blanco biológico a controlarLa empresa no debe utilizar ninguna de las sustancias que aparecen relacionadas en la lista de plaguicidas prohibidos por Florverde Sustainable Flowers.","respuestas":["null"]}}