{"principio":"1","punto":"8.9","maestra":{"pregunta":"¿La empresa utiliza el fumigante bromuro de metilo¿La empresa realiza monitoreo de plagas?","criterio":1,"equivalencia":8.1,"texto":"La finca debe ejecutar un programa de manejo integrado de plagas, fundamentado en principios ecológicos de control de poblaciones de plagas dañinas (insectos, plantas, animales y microbios).  El programa debe incluir actividades para el monitoreo de poblaciones de plagas, la capacitación de personal de monitoreo y las técnicas de manejo integrado de plagas. Como parte del programa, la finca debe recolectar y describir la información sobre las infestaciones de las plagas: fechas, duración, extensión y ubicación de la infestación; tipo de plaga; mecanismos de control empleados; factores ambientales durante la infestación; daños y costos estimados de los daños y del control (8.1)"},"informativas":{"principal":"En cualquiera de las etapas del proceso productivo (propagación, producción y poscosecha), la empresa debe:","respuestas":["a) Mantener registros actualizados de los resultados del monitoreo de plagas de acuerdo con los métodos y frecuencias definidos por la empresa. Adicionalmente se pueden llevar registros de las mediciones de variables climáticas relacionadas con la incidencia de plagas.\n","b) Demostrar que los programas de control fitosanitario han sido justificados teniendo en cuenta los resultados del monitoreo de plagas. Los resultados de las mediciones de variables climáticas relacionadas con la incidencia de plagas pueden ser utilizados para definir estrategias de control.\n"]}}