{"principio":"2","punto":"9.1","maestra":{"pregunta":"¿Se han identificado los residuos producidos y sus fuentes de generación?","criterio":2,"equivalencia":10.1,"texto":"La finca debe contar con un programa de manejo integrado para desechos generados en la finca. Como parte del programa, se deben identificar las fuentes y tipos de desechos y estimar la cantidad (peso o volumen) generada (10.1)."},"informativas":{"principal":"La empresa debe contar con una lista, mapa u otro medio que permita identificar los residuos producidos y sus fuentes de generación en cada una de las etapas del proceso productivo.","respuestas":[null]}}