{"principio":"2","punto":"9.10","maestra":{"pregunta":"Se tienen medidas para el manejo de los residuos\nlíquidos generados por el uso de plaguicidas?","criterio":2,"equivalencia":4.8,"texto":"Las aguas de lavado del equipo de aplicación de agroquímicos deben ser recolectadas y no deben ser mezcladas con aguas residuales domésticas o descargadas al ambiente sin haberse sometido previamente a tratamiento (4.8)."},"informativas":{"principal":"La empresa debe demostrar que:\n","respuestas":["a) Los residuos líquidos resultantes del triple enjuague de envases y empaques así como los sobrantes de mezclas de plaguicidas, son enviados a los tanques de preparación de mezclas para su reutilización mediante aplicación en el cultivo.","b) Se cuenta con sistemas instalados (por ejemplo: inyección de colorantes indicadores de inicio y final de las aplicaciones) o información sobre aforos (por ejemplo: tablas de volúmenes de llenado de tuberías de conducción), para evitar que queden sobrantes de mezcla dentro de las mangueras o tuberías de conducción.","c) Los enjuagues resultantes del lavado de los equipos de aplicación y EPP son recogidos y reutilizados dentro del cultivo (por ejemplo: mediante su descarga a tanques de mezclas de plaguicidas, tanques de colorantes o en riego).\n","d) Los enjuagues que se generen en los sitios de dosificación de plaguicidas (almacén, estaciones de preparación de mezclas u otros) e inmersión de flor en poscosecha, son recogidos y reutilizados mediante su aplicación en el cultivo.","e) Los residuos líquidos de plaguicidas no son descargados a cuerpos naturales de agua sin previo tratamiento. Quienes cuenten con sistemas de tratamiento, deben cumplir con los parámetros establecidos por la legislación nacional vigente y aplicable."]}}