{"principio":"1","punto":"9.11","maestra":{"pregunta":"¿Se tiene permiso de vertimientos de la autoridad competente?","criterio":1,"equivalencia":4.6,"texto":"Las fincas que vierten o descargan aguas residuales en el ambiente deben establecer un programa de monitoreo y análisis de estas aguas que contemple sustancias contaminantes potenciales y la legislación aplicable. El programa debe indicar los puntos y la frecuencia de muestreo de aguas y los análisis por realizarse. Todos los análisis deben ser realizados por un laboratorio legalmente acreditado o certificado. La finca debe mantener los resultados del laboratorio por un mínimo de tres años. El programa debe cumplir con los siguientes requisitos mínimos de análisis y muestreo (4.6)"},"informativas":{"principal":"La empresa debe demostrar que:En caso de generar vertimientos, la empresa debe tener disponible el permiso de vertimientos o la solicitud radicada ante la autoridad ambiental de la jurisdicción, de acuerdo con lo establecido en la legislación nacional vigente y aplicable.\n","respuestas":[null]}}