{"principio":"1","punto":"9.16","maestra":{"pregunta":"¿Se tiene prohibido el enterramiento, la quema o la descarga\nde residuos sólidos en lugares no autorizados?","criterio":1,"equivalencia":"10.2,4.7","texto":"La finca no debe depositar en ecosistemas acuáticos ningún sólido orgánico o inorgánico tal como desechos domésticos o industriales, productos rechazados, escombros, tierra y piedras de excavaciones, basura de la limpieza de tierras, entre otros materiales (4.7 - criterio crítico). \n\nNo se permite el uso de botaderos ni la quema de basura a cielo abierto. Solo se permite la quema de desechos en un incinerador diseñado para tal fin y que cuenta con los estudios técnicos para determinar el tamaño, la ubicación óptima y las medidas de mitigación para minimizar el impacto ambiental y humano de la construcción y operación de este. La finca debe tener los permisos legales respectivos para la construcción y operación del incinerador, así como para los procedimientos operativos (10.2)"},"informativas":{"principal":"La empresa debeNo se permite el enterramiento o la quema de residuos sólidos (por ejemplo: domésticos, aprovechables, peligrosos, escombros) como una alternativa de disposición final. Tampoco está permitido botar los residuos sólidos en las márgenes o cursos de ecosistemas acuáticos (por ejemplo: ríos, quebradas, lagunas o humedales), a cielo abierto ni en vías o áreas públicas.\n\nSolamente se permiten quemas abiertas controladas para contrarrestar los efectos de las heladas. Estas quemas se deben realizar de acuerdo con las condiciones y obligaciones descritas en la legislación vigente y aplicable.\n","respuestas":[null]}}