{"principio":"1","punto":"9.17","maestra":{"pregunta":"¿Se realiza una disposición final adecuada de los residuos sólidos no aprovechables?","criterio":1,"equivalencia":10.4,"texto":"Las fincas no deben transferir desechos a personas o empresas sin comprobar que el tratamiento o el uso y destino final de estos cumplan con los requisitos legales y de esta norma (10.4)"},"informativas":{"principal":"La empresa debe:","respuestas":["a) Disponer de las facturas de pago del servicio de aseo municipal por concepto de recolección y disposición final de los residuos no aprovechables (domésticos).\n","b) En caso de no tener acceso a la prestación del servicio de aseo municipal, se debe garantizar su disposición final en sitios autorizados o reconocidos para tal fin, para ello debe hacerlo directamente o a través de un tercero. Se debe disponer de registros de pago de entrega (cuando sea a través de un tercero) y de disposición final, donde se observe como mínimo: fecha, nombre de la entidad o persona que presta el servicio, cantidad de residuos y nombre del sitio de disposición."]}}