{"principio":"2","punto":"9.18","maestra":{"pregunta":"¿Se cuenta con medidas para el manejo y disposición final de los aceites usados?","criterio":2,"equivalencia":"10.3,10.4","texto":"El depósito final o semi-permanente de los desechos en la finca debe estar diseñado y manejado de manera que se reduzcan los riesgos de contaminación del medio ambiente y de daños a la salud humana (10.3). \n\nLas fincas no deben transferir desechos a personas o empresas sin comprobar que el tratamiento o el uso y destino final de estos cumplan con los requisitos legales y de esta norma. No se deben regalar desechos o materiales que hayan tenido contacto con agroquímicos u otras sustancias tóxicas o nocivas sin comprobar que se usarán para fines semejantes que no representen un peligro para la salud humana o que produzcan impactos ambientales negativos (10.4)."},"informativas":{"principal":"La empresa debe:","respuestas":["a) Demostrar que los aceites usados provenientes de mantenimiento de equipos y vehículos sean recogidos y almacenados en sitios cubiertos y con estructura de confinamiento para controlar cualquier derrame que se presente. \nLas canecas o garrafas donde se almacenan los aceites usados deben estar rotulados. Se pueden acopiar en el sitio de almacenamiento de combustibles líquidos.","b) Garantizar que sean entregados a sitios autorizados por la autoridad ambiental para su disposición final, dejando los registros correspondientes. Los aceites usados se podrán utilizar como combustible en calderas en las condiciones establecidas por la legislación nacional vigente y aplicable.\n","c) No se permite su utilización para inmunización de madera, aplicación en vías y demás restricciones que se establezcan en legislación nacional vigente y aplicable."]}}