{"principio":"3","punto":"9.2","maestra":{"pregunta":"¿Se tiene un plan de gestión integral para el manejo \ny reducción de la generación de residuos?","criterio":2,"equivalencia":10.1,"texto":"La finca debe contar con un programa de manejo integrado para desechos generados en la finca. Este debe estar fundamentado en los conceptos de rechazar y reducir el uso de productos que tengan impactos negativos reales o potenciales sobre el ambiente o la salud humana, así como en reducir, reutilizar y reciclar los desechos (10.1). "},"informativas":{"principal":"La empresa debe:\n","respuestas":["a) Tener documentado y en ejecución un plan de gestión integral que tenga objetivos, acciones, metas e indicadores, para el manejo y reducción de la generación de residuos incluyendo los peligrosos, así como el control de la contaminación del aire, del suelo o del agua.","b) Mostrar resultados o acciones visibles en el cultivo que confirmen que los objetivos del plan de gestión integral se llevan a cabo."]}}