{"principio":"2","punto":"9.3","maestra":{"pregunta":"¿El personal ha recibido formación en el manejo de los residuos?","criterio":2,"equivalencia":10.5,"texto":"La finca debe realizar actividades educativas periódicas para los trabajadores y habitantes de la finca con el objetivo de promover el aseo y prevenir la disposición indiscriminada de desechos (10.5)."},"informativas":{"principal":"La empresa debe:\n","respuestas":["a) Demostrar mediante registros, que el personal ha recibido formación en el manejo de residuos, enfocada, entre otros, en los siguientes temas:\n\n• Tipos de residuos y origen.\n• Separación en la fuente.\n• Reciclaje y reutilización.\n• Almacenamiento, procesamiento y disposición final.\n","b) Evidenciar que los trabajadores aplican los conceptos y procedimientos impartidos en la formación."]}} 