{"principio":"1","punto":"9.4","maestra":{"pregunta":"¿Se realiza el triple enjuague a los envases y empaques de plaguicidas?","criterio":1,"equivalencia":6.10,"texto":"Todos los envases de agroquímicos deben ser lavados tres veces antes de almacenarse para su debida disposición o devolución al suplidor (6.10)."},"informativas":{"principal":"La empresa debe:\n","respuestas":["a) Garantizar que todos los envases y empaques vacíos de plaguicidas sean enjuagados tres veces.","b) Perforar o cortar los envases y empaques vacíos de plaguicidas.\n"]}}