{"principio":"2","punto":"9.6","maestra":{"pregunta":"¿Se tienen sitios de almacenamiento temporal para\nlos residuos aprovechables  y no aprovechables?","criterio":2,"equivalencia":10.3,"texto":"El depósito final o semi-permanente de los desechos en la finca debe estar diseñado y manejado de manera que se reduzcan los riesgos de contaminación del medio ambiente y de daños a la salud humana. Su  ubicación debe concordar con la legislación vigente en cuanto a distancias de viviendas y otras áreas de actividad humana, de cauces y fuentes de agua y de áreas de conservación. La finca debe haber identificado los sitios y los diseños técnicamente aptos para el depósito final o el procesamiento de los desechos, tanto orgánicos como inorgánicos, mediante una evaluación de las características del sitio, el volumen y tipo de desechos que se eliminarán o tratarán y una evaluación de los impactos potenciales (10.3). "},"informativas":{"principal":"La empresa debe:","respuestas":["a) Para los residuos aprovechables, contar con un centro de acopio el cual debe ser un lugar cubierto y seco, con espacios definidos y señalizados, donde se mantengan clasificados, separados y ordenados los diferentes residuos almacenado","b) Para los residuos no aprovechables, contar con un sitio para su almacenamiento temporal. Este sitio debe estar encerrado, cubierto, ventilado y señalizado."]}}