{"principio":"1","punto":"9.7","maestra":{"pregunta":"¿Se tienen sitios de almacenamiento temporal para los residuos peligrosos?","criterio":1,"equivalencia":10.3,"texto":"El depósito final o semi-permanente de los desechos en la finca debe estar diseñado y manejado de manera que se reduzcan los riesgos de contaminación del medio ambiente y de daños a la salud humana. La finca debe haber identificado los sitios y los diseños técnicamente aptos para el depósito final o el procesamiento de los desechos, tanto orgánicos como inorgánicos, mediante una evaluación de las características del sitio, el volumen y tipo de desechos que se eliminarán o tratarán y una evaluación de los impactos potenciales (10.3). "},"informativas":{"principal":"Para los residuos de plaguicidas (por ejemplo: EPP, equipos de aplicación en desuso, envases, empaques y embalajes) y otros que se consideren peligrosos por la legislación nacional, la empresa debe:\n","respuestas":["a) Contar con un depósito para su almacenamiento, que sea un lugar cubierto, seco, ventilado y señalizado, con acceso restringido y dotado de puerta que se pueda cerrar con candado o cerradura.","b) Mantener clasificados y separados los diferentes residuos dentro del depósito.","c) En caso de almacenar residuos líquidos, tener estructura de confinamiento y elementos de emergencias para derrames."]}}