{"principio":"2","punto":"9.9","maestra":{"pregunta":"¿Se reutilizan y se reciclan los residuos sólidos aprovechables?","criterio":2,"equivalencia":10.1,"texto":"La finca debe contar con un programa de manejo integrado para desechos generados en la finca. Como parte del programa, se deben identificar las fuentes y tipos de desechos y estimar la cantidad (peso o volumen) generada. Las actividades de manejo integrado de desechos deben ser acordes con los tipos y las cantidades de desechos generados (10.1)."},"informativas":{"principal":"La empresa debe:","respuestas":["a) Tener registros del tipo y cantidad de residuos sólidos que se reutilizan en la empresa.\n","b) Tener registros o remisiones del material aprovechable retirado de la empresa.\n","c) Contar con registros que tengan vigencia inferior a un año en los que se pueda evidenciar la disposición final del material aprovechable por parte del reciclador o del transformador."]}}